lat,lon,time,alt,speed,bearing
59.4569283,25.1389425,6000,30.9,12.39,344.50
59.4574846,25.1383117,12000,36.1,14.28,299.20
59.4574608,25.1378349,14000,40.3,13.58,264.40
59.4573383,25.1373959,16000,40.5,14.19,241.20
59.457228,25.1370543,18000,43.1,11.47,237.60
59.4571474,25.1366242,20000,42.7,13.00,249.80
59.4570505,25.136265,22000,45.1,11.53,242.00
59.4569514,25.1358928,24000,45.8,11.92,242.30
59.456847,25.1355403,26000,44,11.56,239.80
59.4567261,25.1351989,28000,44.5,11.81,235.10
59.4566306,25.1348526,30000,46.8,11.17,241.50
59.4565111,25.1345528,32000,45.5,10.81,231.90
59.4563669,25.1342336,34000,44.3,12.11,228.40
59.456217,25.1339509,36000,45.4,11.58,223.80
59.4560378,25.1337929,38000,44.4,10.94,204.10
59.4557838,25.1338466,40000,40.7,14.22,173.90
59.4555307,25.1340286,42000,42.2,15.00,159.90
59.4553309,25.1343264,44000,43.8,13.97,142.90
59.4549127,25.1349222,47000,41.8,14.83,146.00
59.4547141,25.135257,49000,38.5,14.58,139.40
59.4544865,25.1355905,51000,35.8,15.81,143.30
59.4542688,25.1359176,53000,34.8,15.28,142.60
59.4541184,25.1363916,55000,33.8,15.83,122.00
59.4540092,25.1369013,57000,34.3,15.69,112.90
59.4538996,25.1373963,59000,34.3,15.31,113.50
59.453829,25.1379283,61000,33.6,15.58,104.60
59.4537548,25.1385587,63000,33.5,18.36,103.00
59.4536923,25.139147,65000,34.2,17.06,101.80
59.4536857,25.1397174,67000,31.3,16.17,91.30
59.4537641,25.1402144,69000,31.2,14.75,72.80
59.4539325,25.1406183,71000,31.1,14.81,50.60
59.4541245,25.14094,73000,31.7,14.06,40.40
59.4543223,25.1411648,75000,32.1,12.72,30.00
59.454539,25.1412748,77000,31,12.47,14.50
59.4547726,25.1413369,79000,31.8,13.14,7.70
59.4550104,25.1413247,81000,32.7,13.25,358.50
59.4552072,25.1411869,83000,32.1,11.64,340.40
59.4553571,25.1409014,85000,30.4,11.64,315.90
59.4554313,25.1405289,87000,29.3,11.33,291.40
59.4553951,25.1401271,89000,30.1,11.58,259.90
59.4552535,25.1398013,91000,30.8,12.14,229.50
59.4550602,25.1395765,93000,31.3,12.50,210.60
59.4548197,25.1395276,95000,31.5,13.47,185.90
59.4545753,25.1395764,97000,31.8,13.69,174.20
59.454327,25.1396466,99000,31.8,13.97,171.80
59.4540631,25.1397111,101000,32.1,14.81,172.90
59.4538156,25.1397676,103000,31.3,13.89,173.40
59.4535766,25.1397925,105000,30.7,13.33,177.00
59.4533536,25.1397879,107000,32.1,12.42,180.60
59.4531525,25.1397488,109000,33.2,11.25,185.60
59.4527497,25.1394395,114000,32.5,11.94,203.20
59.4525311,25.1393609,116000,31.4,12.39,190.40
59.4522863,25.1395289,118000,29.5,14.44,160.80
59.4520852,25.1398875,120000,29.8,15.14,137.80
59.451976,25.140385,122000,30.3,15.36,113.40
59.4519752,25.1409454,124000,29.8,15.89,90.20
59.4520594,25.1414451,126000,31.3,14.92,71.70
59.4521698,25.1418914,128000,31.6,14.08,64.00
59.4522931,25.1423423,130000,31.8,14.53,61.70
59.4523581,25.1428444,132000,30.7,14.69,75.70
59.4523796,25.1433889,134000,30.8,15.50,85.60
59.4523575,25.1439057,136000,32.4,14.69,94.80
59.4522595,25.144393,138000,32.7,14.86,111.60
59.452135,25.1448344,140000,32.4,14.31,119.00
59.4520179,25.145307,142000,32.1,14.92,116.00
59.4520118,25.1458532,144000,30.2,15.50,91.30
59.4521263,25.1463151,146000,30.5,14.58,64.00
59.4523377,25.1465389,148000,30.3,13.39,28.30
59.4525683,25.1465479,150000,30.8,12.86,1.10
59.4527713,25.1464062,152000,31.6,12.00,340.50
59.4529045,25.14611,154000,31.3,11.19,311.50
59.4529882,25.1457752,156000,31.8,10.58,296.20
59.4530803,25.1454409,158000,32.2,10.78,298.50
59.4532206,25.1451657,160000,32,11.06,315.10
59.4535722,25.1447101,163000,32.1,11.50,328.70
59.4537444,25.1444807,165000,32.7,11.58,325.90
59.4538994,25.1442318,167000,33.1,11.14,320.80
59.4540513,25.1439862,169000,32.5,10.97,320.60
59.4541963,25.1437014,171000,31.9,11.42,315.10
59.4543299,25.1434269,173000,31.5,10.78,313.80
59.4544709,25.1431339,175000,31.5,11.44,313.40
59.4546266,25.1428679,177000,31.2,11.50,319.00
59.4547915,25.1426073,179000,30.8,11.78,321.20
59.4549499,25.1423333,181000,31.3,11.75,318.70
59.4551142,25.142113,183000,31.5,11.08,325.70
59.4552872,25.1418625,185000,30.9,11.97,323.70
59.455449,25.1415859,187000,30.6,11.94,319.00
59.4556096,25.1413254,189000,30.4,11.61,320.50
59.4558,25.1411405,191000,29.5,11.83,333.70
59.4560246,25.1411088,193000,28.2,12.56,355.90
59.4562515,25.1412956,195000,27.4,13.69,22.70
59.4564747,25.1414508,197000,29.3,13.19,19.50
59.4566715,25.1412355,199000,25.5,12.56,330.90
59.4567355,25.1407782,201000,27.3,13.44,285.40
59.4566095,25.1403941,203000,30.2,12.94,237.20
59.4564018,25.1401961,205000,34.4,12.86,205.80
59.4560842,25.1399725,208000,37,12.50,201.10
59.4558857,25.1397699,210000,38.1,12.47,207.40
59.4557211,25.1395582,212000,38.7,10.97,213.20
59.4555599,25.1393612,214000,37.1,10.58,211.80
59.4553362,25.1392553,216000,34.8,12.81,193.50
59.45437,25.1393032,224000,37.9,13.06,173.10
59.4541255,25.1393872,226000,37.8,13.83,170.10
59.4538765,25.1394868,228000,36.6,14.17,168.50
59.4536341,25.1396016,230000,35.9,13.89,166.50
59.4533981,25.1397257,232000,36,13.61,165.00
59.4531619,25.1398572,234000,35.7,13.67,164.20
59.45292,25.1400547,236000,35.4,14.58,157.50
59.4525683,25.1403783,240000,35.3,14.39,154.00
59.4523499,25.1406682,242000,34.5,14.69,146.00
59.4521589,25.1410263,244000,33.2,14.69,136.40
59.4519966,25.141465,246000,32.4,15.39,126.10
59.4518578,25.1419536,248000,32.6,15.86,119.20
59.4517114,25.1424338,250000,32.6,15.86,121.00
59.4515047,25.1427912,252000,31.5,15.33,138.70
59.4512503,25.1430011,254000,32.7,15.36,157.20
59.451015,25.1430379,256000,34.5,13.14,175.50
59.4508184,25.142949,258000,35,11.25,192.90
59.450596,25.1428613,260000,33.9,12.64,191.30
59.4503487,25.1429729,262000,32.6,14.14,167.10
59.4501541,25.143359,264000,32.9,15.42,134.80
59.4500872,25.1439355,266000,33.1,16.78,102.90
59.4501439,25.1445093,268000,34,16.58,79.00
59.4503023,25.1449548,270000,34.6,15.42,55.00
59.4505177,25.1452543,272000,35.6,14.69,35.30
59.450734,25.1454747,274000,37.4,13.58,27.40
59.4509527,25.1456597,276000,37.2,13.25,23.30
59.4511705,25.1458015,278000,36.2,12.78,18.30
59.4513911,25.1459612,280000,36.2,13.08,20.20
59.4516068,25.1460927,282000,36.3,12.58,17.20
59.4518239,25.1461962,284000,35.3,12.44,13.60
59.4520472,25.1463293,286000,35,13.00,16.90
59.4522602,25.1464547,288000,34.8,12.39,16.70
59.4526822,25.146325,291000,35.6,11.67,339.60
59.4528533,25.1461121,293000,38.5,11.28,327.70
59.4529787,25.1459176,295000,39.5,8.89,321.80
59.4531175,25.1456734,297000,39,10.39,318.20
59.4532469,25.145412,299000,38.3,10.33,314.20
59.4533734,25.1451343,301000,37.5,10.56,311.90
59.4534924,25.1448298,303000,37.4,10.89,307.60
59.4536166,25.1445117,305000,36.7,11.36,307.50
59.4537245,25.1442148,307000,35,10.33,305.60
59.4538253,25.1438746,309000,33.1,11.17,300.20
59.4539143,25.1435496,311000,33.1,10.47,298.30
59.4539765,25.1431757,313000,32.3,11.17,288.10
59.4540903,25.1428367,315000,32.7,11.53,303.40
59.4541708,25.1425172,317000,33.3,10.11,296.40
59.4542463,25.1421335,319000,32.3,11.67,291.20
59.4543551,25.1417628,321000,32.4,12.14,300.00
59.4544304,25.1413846,323000,33.3,11.53,291.40
59.4544652,25.1409927,325000,34.1,11.28,279.90
59.454533,25.1406384,327000,34.2,10.72,290.60
59.4545769,25.1402483,329000,34.1,11.33,282.50
59.4546219,25.1398533,331000,34.9,11.47,282.60
59.454676,25.1395141,333000,35.6,10.08,287.40
59.4547275,25.1391593,335000,33.7,10.47,285.90
59.4547844,25.1387803,337000,33.4,11.19,286.50
59.4548617,25.1384238,339000,34.1,11.00,293.10
59.4549063,25.138035,341000,34.9,11.31,282.70
59.4549793,25.1376721,343000,34.5,11.06,291.60
59.4550259,25.1372845,345000,34.8,11.31,283.30
59.4550493,25.1369159,347000,34,10.53,277.10
59.4551709,25.1366449,349000,31.9,10.25,311.40
59.4553954,25.1366164,351000,28.2,12.53,356.30
59.4556275,25.1369757,353000,26.2,16.47,38.20
59.4557072,25.1375824,355000,28.7,17.78,75.50
59.4556988,25.1381366,357000,31.7,15.72,91.70
59.4557753,25.1386374,359000,29.7,14.83,73.30
59.4559417,25.1390709,361000,29.5,15.39,52.90
59.456359,25.1396455,366000,33.1,13.72,31.10
59.4565524,25.1399226,368000,35.1,13.33,36.10
59.4567351,25.1402095,370000,34.8,13.03,38.60
59.4569323,25.1404984,372000,35.3,13.69,36.70
59.4571139,25.1408069,374000,36.1,13.36,40.80
59.4573076,25.1410789,376000,35.7,13.25,35.50
59.4574988,25.1413799,378000,36.1,13.64,38.70
59.4576815,25.1416957,380000,36.2,13.56,41.30
59.457876,25.1419992,382000,36.4,13.83,38.40
59.4586228,25.1431118,390000,38.1,12.56,33.30
59.4588182,25.1432789,392000,38.3,11.86,23.50
59.459446,25.1423249,402000,36.9,11.03,253.80
59.4592873,25.1420437,404000,37.6,11.92,222.00
59.4590468,25.1419952,406000,36.7,13.47,185.90
59.4585645,25.142166,409000,35.1,13.56,172.00
59.4583183,25.1421859,411000,34.2,13.72,177.60
59.4580762,25.1422128,413000,34.2,13.50,176.80
59.4578412,25.1422553,415000,35,13.14,174.70
59.4576104,25.1423243,417000,34.9,13.00,171.40
59.4573687,25.1423947,419000,34.1,13.61,171.60
59.4571291,25.1424648,421000,33.6,13.50,171.50
59.4569015,25.142444,423000,31.2,12.69,182.70
59.4566759,25.1423435,425000,30.7,12.89,192.80
59.4564647,25.1421914,427000,30.9,12.53,200.10
59.4562846,25.1419773,429000,30.3,11.72,211.10
59.456129,25.1417013,431000,29.8,11.67,222.00
59.455998,25.1413732,433000,29.8,11.83,231.80
59.4559411,25.1410019,435000,29.8,11.00,253.20
59.4558972,25.1406294,437000,29.9,10.83,256.90
59.4558312,25.1402529,439000,29.7,11.28,251.00
59.4557267,25.1398731,441000,29.9,12.25,241.60
59.4556133,25.1394845,443000,31,12.69,240.10
59.4554611,25.1391743,445000,31.8,12.22,226.00
59.4552471,25.1390616,447000,30.4,12.33,195.00
59.4550168,25.1392913,449000,28.6,14.39,153.10
59.4548821,25.139824,451000,27.9,16.86,116.50
59.455551,25.1392839,457000,72.3,18.83,28.60
59.4557644,25.1393876,459000,73.6,12.25,13.90
59.4560085,25.1396849,461000,80.2,16.00,31.80
59.4562395,25.1399922,463000,84.8,15.53,34.10
59.4564463,25.1402699,465000,84,13.94,34.30
59.4566503,25.1405894,467000,83.7,14.53,38.50
59.456848,25.1409054,469000,84.3,14.19,39.10
59.4570537,25.1412246,471000,84.7,14.61,38.30
59.4572659,25.1415288,473000,86,14.64,36.10
59.4574767,25.1417421,475000,87,13.19,27.20
59.4577026,25.1417511,477000,87.3,12.58,1.20
59.4578897,25.1414881,479000,87.3,12.81,324.50
59.4579983,25.1411391,481000,88.3,11.61,301.50
59.4580609,25.1407543,483000,88.6,11.44,287.80
59.4581322,25.1404015,485000,89.1,10.75,291.70
59.4581514,25.1400205,487000,88.3,10.86,275.70
59.4581796,25.1392123,492000,86.6,11.58,275.10
59.4581079,25.1388347,494000,85.8,11.42,249.50
59.4579556,25.1385049,496000,84.4,12.64,227.70
59.4575507,25.1380552,499000,86.5,12.78,206.30
59.4573396,25.1379224,501000,87.1,12.33,197.70
59.4566029,25.1377095,508000,38.5,10.78,203.30
59.4564073,25.1375379,510000,37.2,11.94,204.00
59.4561971,25.13737,512000,36.7,12.64,202.10
59.4560082,25.1372203,514000,37.1,11.33,201.90
59.4558098,25.1370661,516000,37,11.89,201.60
59.4555672,25.1370894,518000,36.2,13.53,177.20
59.4553305,25.1373237,520000,35.4,14.78,153.30
59.4551133,25.1376485,522000,37.2,15.19,142.80
59.4549491,25.1380451,524000,35.9,14.50,129.20
59.4547957,25.1384854,526000,36.1,15.14,124.40
59.4546727,25.1390031,528000,36.1,16.19,115.10
59.4545836,25.139526,530000,36.3,15.64,108.50
59.4545255,25.1400601,532000,35.9,15.50,102.10
59.4545952,25.1405778,534000,33.9,15.19,75.20
59.4547361,25.1410118,536000,33.4,14.58,57.40
59.4549407,25.141261,538000,33.6,13.42,31.80
59.4551609,25.1413605,540000,33.9,12.58,12.90
59.45537,25.1413198,542000,35.1,11.69,354.40
59.4555613,25.141182,544000,35.7,11.36,339.90
59.4557394,25.1409973,546000,34.8,11.22,332.20
59.456069,25.1406243,549000,36.6,10.19,330.00
59.4562364,25.1404094,551000,34.5,11.14,326.90
59.4564211,25.1401763,553000,36.6,12.22,327.30
59.4565816,25.1399655,555000,39.9,10.75,326.30
59.4567331,25.1397913,557000,39.3,9.78,329.70
59.4569127,25.1396156,559000,37.8,11.17,333.60
59.4570817,25.1393978,561000,37.7,11.25,326.80
59.457231,25.1391883,563000,38.4,10.22,324.50
59.4573775,25.1390004,565000,37.1,9.75,326.90
59.4575388,25.1387661,567000,37.1,11.17,323.60
59.4576811,25.1385129,569000,35.8,10.69,317.90
59.4578114,25.1382136,571000,36.6,11.17,310.60
59.4579,25.1379187,573000,36.8,9.72,300.60
59.4580021,25.1376488,575000,37,9.53,306.70
59.4581284,25.1373908,577000,36.5,10.14,313.90
59.4582316,25.1371044,579000,36.6,9.94,305.30
59.4583336,25.1367868,581000,35.6,10.64,302.30
59.4584299,25.136463,583000,35.7,10.64,300.30
59.4585024,25.1361144,585000,37,10.67,292.30
59.4585819,25.1357688,587000,36.7,10.75,294.40
59.4586611,25.1354364,589000,36.7,10.42,295.10
59.4587009,25.1350591,591000,36.1,10.92,281.70
59.4587577,25.1346733,593000,34.9,11.39,286.20
59.4588416,25.1343382,595000,36.6,10.58,296.20
59.4588348,25.1339652,597000,36.7,10.58,267.90
59.4587022,25.1336499,599000,32.5,11.58,230.40
59.4584787,25.1334866,601000,31.8,13.28,200.40
59.4582554,25.1333711,603000,34.3,12.86,194.70
59.458059,25.1333059,605000,34.2,11.08,189.60
59.4578238,25.1333661,607000,32.2,13.22,172.60
59.4575759,25.1334381,609000,32.6,13.97,171.60
59.4574007,25.133214,611000,30.4,11.64,213.00
59.4573363,25.1328313,613000,30.1,11.42,251.70
59.4571527,25.1322484,618000,28.1,10.94,220.70
59.4568788,25.132233,620000,27.3,15.25,181.60
59.4566452,25.1326168,622000,27.9,16.97,140.10
59.4565755,25.1332211,624000,28.7,17.58,102.80
59.4565854,25.1337865,626000,30.6,16.06,88.00
59.4565493,25.1342887,628000,31.3,14.39,98.10
59.4565253,25.1348211,630000,28.6,15.17,95.10
59.4566088,25.1353153,632000,29,14.78,71.60
59.4567791,25.1356997,634000,29.2,14.44,48.90
59.4569994,25.1358779,636000,30.1,13.28,22.30
59.457221,25.1358684,638000,30.6,12.33,358.80
59.4574051,25.1357052,640000,30.6,11.25,335.70
59.4575672,25.13549,642000,31.4,10.89,326.00
59.4577389,25.135269,644000,31.9,11.44,326.80
59.4579092,25.1350388,646000,32.1,11.53,325.50
59.4580925,25.1348413,648000,34.9,11.64,331.30
59.4582701,25.1347053,650000,35.1,10.61,338.70
59.458454,25.1345239,652000,34.5,11.47,333.40
59.4586462,25.1343671,654000,34.8,11.58,337.50
59.458842,25.134237,656000,36,11.50,341.30
59.4590289,25.1341172,658000,36,10.94,342.00
59.45924,25.1340409,660000,35.1,11.94,349.60
59.4594616,25.1339626,662000,35.1,12.53,349.80
59.4596792,25.1338966,664000,36.7,12.28,351.20
59.460115,25.1338595,667000,37.4,12.06,354.00
59.4603414,25.1338104,669000,37.7,12.69,353.70
59.4605628,25.1337643,671000,39.7,12.39,354.00
59.4607587,25.1337023,673000,40.2,11.06,350.90
59.4609749,25.1335985,675000,39.9,12.39,346.30
59.4611968,25.1335414,677000,41.9,12.47,352.60
59.4614114,25.1334739,679000,42.8,12.11,350.90
59.4616314,25.1333869,681000,42.9,12.50,348.60
59.4618492,25.1332969,683000,45.5,12.39,348.10
59.4620296,25.1331911,685000,46.8,10.50,343.40
59.4622283,25.1330657,687000,44.6,11.61,342.20
59.4624581,25.1329549,689000,44.1,13.17,346.20
59.4626486,25.1328666,691000,46.7,10.89,346.70
59.462821,25.1327696,693000,45.2,10.00,344.00
59.4630177,25.1325905,695000,42.2,12.08,335.20
59.4632051,25.132364,697000,43.1,12.25,328.40
59.4633937,25.1321924,699000,44.7,11.58,335.20
59.4635738,25.132063,701000,45,10.69,339.90
59.4637429,25.1318593,703000,44,11.06,328.50
59.4639151,25.1316689,705000,44.5,11.00,330.70
59.464087,25.131527,707000,44.6,10.39,337.20
59.4642586,25.1313818,709000,44.1,10.42,336.70
59.4644681,25.1314056,711000,43,11.69,3.30
59.4646698,25.1315296,713000,43.4,11.78,17.30
59.4648642,25.1315992,715000,42.5,11.00,10.30
59.4650596,25.1315059,717000,42.2,11.19,346.40
59.4651785,25.1312409,719000,43.4,10.03,311.40
59.4652463,25.1309842,721000,44.3,8.19,297.50
59.4653547,25.1307561,723000,43.1,8.83,313.10
59.4655149,25.1305439,725000,43.2,10.75,326.10
59.4656785,25.1303719,727000,45.2,10.33,331.90
59.4658448,25.1302349,729000,46.1,10.06,337.30
59.466014,25.1300951,731000,45.8,10.22,337.20
59.4661844,25.129962,733000,45.2,10.22,338.40
59.4663586,25.1298258,735000,45.2,10.44,338.30
59.4665325,25.1296697,737000,45.3,10.64,335.50
59.4666909,25.1294811,739000,44.7,10.31,328.80
59.4670324,25.129127,744000,44.7,10.69,333.20
59.4671944,25.128931,746000,44.7,10.58,328.40
59.4673474,25.128745,748000,44.8,10.03,328.30
59.4675125,25.1285777,750000,45,10.33,332.80
59.4676784,25.1283761,752000,45.1,10.86,328.30
59.4678444,25.1281665,754000,45.7,11.00,327.30
59.4679935,25.1279794,756000,46.6,9.86,327.50
59.468153,25.1278104,758000,46.4,10.08,331.70
59.4682737,25.1275652,760000,44.8,9.67,314.10
59.468398,25.1272941,762000,44.8,10.33,312.10
59.4685804,25.1271461,764000,44.5,11.00,337.60
59.4687737,25.1270596,766000,44.2,11.06,347.20
59.4689621,25.1269601,768000,43,10.86,345.00
59.4691663,25.1268771,770000,41.2,11.61,348.30
59.4693767,25.1268646,772000,40,11.72,358.30
59.4697893,25.1267746,775000,38.1,11.44,349.50
59.4699988,25.1267502,777000,38.1,11.69,356.60
59.4702173,25.126748,779000,37.2,12.17,359.70
59.4704293,25.1267265,781000,35.3,11.83,357.10
59.4706452,25.1267161,783000,34.9,12.03,358.60
59.4708495,25.1268447,785000,35.6,11.94,17.70
59.4710491,25.1270316,787000,34.9,12.31,25.40
59.471278,25.1271203,789000,33.9,13.00,11.10
59.4715093,25.127131,791000,35.5,12.89,1.30
59.471707,25.1271862,793000,35.8,11.11,8.10
59.4719201,25.1273192,795000,34.8,12.44,17.60
59.4721301,25.1274973,797000,33.7,12.75,23.30
59.4723441,25.1276655,799000,33.7,12.83,21.80
59.4725584,25.127718,801000,34.6,12.03,7.10
59.4727658,25.1279098,803000,34.4,12.78,25.20
59.4729534,25.1282569,805000,35,14.36,43.20
59.4730962,25.128642,807000,34.7,13.50,53.90
59.4731894,25.1290599,809000,30.3,12.94,66.30
59.4732951,25.1295212,811000,25.5,14.33,65.70
59.4734511,25.1299226,813000,22.3,14.31,52.60
59.4736531,25.1302107,815000,22,13.89,35.90
59.4738555,25.1303565,817000,20.7,12.00,20.10
59.4740657,25.130495,819000,20.6,12.36,18.50
59.4742466,25.1308159,821000,19.5,13.58,42.00
59.474409,25.1311636,823000,19.7,13.39,47.40
59.4746043,25.1314122,825000,18.5,12.97,32.90
59.474798,25.1316887,827000,18.2,13.33,35.90
59.4749978,25.1319414,829000,18.9,13.22,32.70
59.4752006,25.1321243,831000,20.1,12.42,24.60
59.4753453,25.1325197,833000,19,13.81,54.20
59.4754182,25.1330312,835000,19.4,15.06,74.30
59.4754974,25.1335247,837000,20,14.67,72.50
59.4755028,25.1340999,839000,17.7,16.31,88.90
59.4754527,25.1347075,841000,18.6,17.44,99.20
59.4754789,25.1352892,843000,18.9,16.56,84.90
59.4756031,25.135833,845000,19.6,16.89,65.80
59.4757274,25.1363519,847000,22.3,16.25,64.70
59.4758546,25.1368148,849000,22.6,14.92,61.60
59.4760057,25.1372566,851000,23.7,15.08,56.00
59.4760872,25.1377395,853000,24.6,14.42,71.60
59.476211,25.1381876,855000,22.5,14.44,61.50
59.4763344,25.1386588,857000,19.7,15.03,62.70
59.4764181,25.1391782,859000,18.8,15.44,72.40
59.4765556,25.1395865,861000,17.5,13.89,56.50
59.476663,25.1400961,863000,15,15.64,67.50
59.4767537,25.1406259,865000,13.7,15.83,71.40
59.4769715,25.1415231,870000,9,14.00,71.60
59.4769914,25.1421139,872000,6.9,16.78,86.20
59.4769912,25.1427189,874000,6.1,17.14,90.00
59.4769898,25.1433025,876000,4.5,16.53,90.30
59.4770198,25.1438807,878000,3.8,16.47,84.20
59.4770696,25.1444378,880000,3.7,16.03,80.00
59.4771324,25.1449646,882000,3.1,15.33,76.80
59.4772122,25.1454592,884000,2.8,14.69,72.40
59.477285,25.1459835,886000,2.9,15.39,74.70
59.4773676,25.1464764,888000,2.9,14.69,71.70
59.4774752,25.146942,890000,3,14.50,65.50
59.477642,25.1473672,892000,3.1,15.22,52.30
59.4778016,25.1477084,894000,3.8,13.14,47.40
59.4779555,25.1480009,896000,3.4,11.92,44.00
59.478129,25.1483414,898000,1.4,13.67,44.90
59.4783219,25.1487034,900000,1,14.86,43.60
59.4785093,25.1490157,902000,0.9,13.69,40.20
59.4786943,25.1493245,904000,0.2,13.53,40.30
59.4788989,25.1496036,906000,-0.4,13.86,34.70
59.4791068,25.1498101,908000,-0.1,12.97,26.80
59.4793052,25.1500115,910000,0.2,12.44,27.30
59.4795011,25.1501877,912000,0.8,12.00,24.50
59.4797124,25.1503371,914000,0.6,12.50,19.80
59.4799287,25.1504459,916000,1.1,12.44,14.30
59.4801485,25.1505838,918000,2.3,12.86,17.70
59.4803478,25.1506656,920000,2.9,11.33,11.80
59.4805454,25.1507654,922000,2.7,11.36,14.40
59.4809599,25.150885,925000,2.6,11.53,6.20
59.4811645,25.1509438,927000,2.6,11.53,8.30
59.4813665,25.150973,929000,2.1,11.28,4.20
59.4815548,25.1510945,931000,0.7,11.03,18.10
59.4817306,25.1514015,933000,-2,13.11,41.60
59.4819049,25.1517919,935000,-3.1,14.72,48.70
59.4820997,25.1521507,937000,-4,14.86,43.10
59.482334,25.1523375,939000,-3.7,14.08,22.00
59.4825606,25.1524539,941000,-1.2,13.06,14.60
59.4827557,25.1527207,943000,-0.8,13.25,34.80
59.4829431,25.153137,945000,0.1,15.75,48.40
59.4830792,25.153603,947000,1.8,15.22,60.10
59.4832016,25.1540492,949000,4.2,14.36,61.60
59.4833015,25.1545388,951000,4.6,14.94,68.10
59.4834121,25.1550594,953000,3.7,15.97,67.30
59.4835571,25.1555728,955000,3.2,16.64,60.90
59.4837294,25.1559559,957000,3.8,14.50,48.50
59.4838898,25.1563066,959000,1.9,13.36,48.00
59.4840769,25.1566368,961000,-0.6,14.00,41.90
59.4842697,25.1569728,963000,0.7,14.36,41.50
59.4844354,25.1573733,965000,0.9,14.64,50.80
59.4845834,25.1578331,967000,1.1,15.42,57.60
59.4847516,25.1582834,969000,2.9,15.83,53.70
59.484946,25.158625,971000,5,14.53,41.70
59.4851182,25.1589366,973000,6.3,13.03,42.60
59.4852659,25.1593256,975000,4.5,13.75,53.20
59.485408,25.1597984,977000,1.8,15.56,59.40
59.4855813,25.1602077,979000,1.8,15.08,50.20
59.4857839,25.1604152,981000,0.7,12.72,27.50
59.4859982,25.1605575,983000,1.1,12.61,18.60
59.4861838,25.160882,985000,0.7,13.83,41.60
59.4863226,25.1613245,987000,1.4,14.72,58.30
59.4864626,25.1617793,989000,1.3,15.06,58.80
59.4866171,25.1622047,991000,-0.6,14.81,54.40
59.4869524,25.163056,996000,-0.9,15.17,53.30
59.4871138,25.1634593,998000,0.2,14.53,51.80
59.487297,25.1638742,1000000,0.9,15.56,49.00
59.4874424,25.1643406,1002000,2.3,15.50,58.40
59.4875947,25.1647656,1004000,3.7,14.72,54.80
59.4877695,25.1651269,1006000,4.7,14.14,46.40
59.4879299,25.1654974,1008000,5.2,13.78,49.50
59.4880802,25.1658878,1010000,5.8,13.86,52.80
59.4882411,25.166241,1012000,3.6,13.44,48.10
59.4884114,25.1666225,1014000,2.5,14.39,48.70
59.4885731,25.1670162,1016000,3.1,14.33,51.00
59.4887272,25.1673814,1018000,3.5,13.44,50.30
59.4888919,25.1677198,1020000,3.2,13.28,46.20
59.4890788,25.168055,1022000,3.8,14.08,42.30
59.4892462,25.1683902,1024000,6.3,13.31,45.50
59.4893965,25.1687394,1026000,6.3,12.97,49.70
59.4895549,25.169054,1028000,4.8,12.53,45.20
59.4897428,25.1693148,1030000,4.2,12.81,35.20
59.4899336,25.1694876,1032000,5,11.69,24.70
59.4901103,25.1697301,1034000,5,12.00,34.90
59.490268,25.170099,1036000,3.4,13.64,49.90
59.4904201,25.1705022,1038000,3.3,14.22,53.40
59.4906043,25.1707691,1040000,2.7,12.75,36.30
59.4908106,25.1708714,1042000,3.7,11.86,14.10
59.4910075,25.1709494,1044000,5.3,11.19,11.40
59.4911987,25.1711024,1046000,5.7,11.50,22.10
59.491544,25.1717274,1049000,5.8,13.47,49.70
59.4916594,25.1721633,1051000,5.7,13.92,62.50
59.4918255,25.1725524,1053000,2.9,14.39,49.90
59.4920527,25.1727209,1055000,3.2,13.53,20.60
59.492246,25.1727595,1057000,5.3,10.83,5.80
59.4924362,25.1728347,1059000,4.6,10.81,11.30
59.4926537,25.1730056,1061000,5.1,13.06,21.70
59.4928491,25.173228,1063000,7.9,12.58,30.00
59.4930343,25.1734675,1065000,8.2,12.33,33.30
59.4932206,25.1736926,1067000,8.3,12.17,31.50
59.4934065,25.1738642,1069000,9.6,11.44,25.10
59.4935791,25.1739872,1071000,10.2,10.22,19.90
59.4937619,25.1741024,1073000,9,10.69,17.70
59.4939418,25.1741524,1075000,7.1,10.11,8.00
59.4941337,25.1741724,1077000,5.9,10.69,3.00
59.4943293,25.1742539,1079000,5.2,11.14,11.90
59.4945255,25.1743692,1081000,4.6,11.42,16.60
59.494735,25.1745058,1083000,5.8,12.31,18.30
59.4949311,25.1746695,1085000,9.1,11.86,23.00
59.4951128,25.1748452,1087000,11.7,11.28,26.10
59.4952997,25.1750089,1089000,12.1,11.39,24.00
59.4954963,25.1751668,1091000,13.1,11.83,22.20
59.4956946,25.1753168,1093000,14.8,11.83,21.00
59.495895,25.1754763,1095000,15.9,12.06,22.00
59.4960968,25.1756133,1097000,16.9,11.89,19.00
59.4962982,25.175746,1099000,18.6,11.83,18.50
59.496485,25.1758766,1101000,24.4,11.06,19.50
59.4966848,25.176039,1103000,29.1,12.06,22.40
59.4968718,25.176222,1105000,36.3,11.64,26.40
59.4970487,25.1763572,1107000,43.4,10.58,21.20
59.4972292,25.1764571,1109000,49.2,10.44,15.70
59.4974146,25.1765577,1111000,53.9,10.72,15.40
59.4976027,25.1766194,1113000,59.3,10.61,9.50
59.4977951,25.1766618,1115000,64.9,10.78,6.40
59.4979921,25.1766921,1117000,71.2,11.00,4.50
59.4983541,25.1767734,1122000,82.7,9.94,7.60
59.4985451,25.1768058,1124000,87.2,10.67,4.90
59.4987358,25.1768104,1126000,93.3,10.61,0.70
59.4989179,25.1768295,1128000,98.7,10.17,3.00
59.4990999,25.1768853,1130000,102.9,10.25,8.80
59.4992784,25.1769247,1132000,107.9,10.00,6.40
59.4994526,25.176983,1134000,110.8,9.83,9.60
59.4996423,25.1770313,1136000,112.8,10.67,7.40
59.4998289,25.1770309,1138000,116.8,10.39,359.90
59.500014,25.1770463,1140000,121.4,10.33,2.40
59.5001944,25.1771843,1142000,124.1,10.78,21.20
59.5003686,25.1774291,1144000,125.8,11.92,35.50
59.5005548,25.1776385,1146000,125.8,11.94,29.70
59.5007622,25.1776727,1148000,125.1,11.58,4.80
59.5009428,25.1776017,1150000,126.7,10.25,348.70
59.5011163,25.1775168,1152000,128.8,9.97,346.10
59.501302,25.1774648,1154000,131.5,10.44,351.90
59.5014902,25.1774204,1156000,134.6,10.56,353.20
59.5016774,25.1773776,1158000,138.1,10.50,353.40
59.5018666,25.17736,1160000,141.8,10.56,357.30
59.5020608,25.1773779,1162000,146.2,10.83,2.70
59.5022626,25.1774011,1164000,149.9,11.25,3.30
59.5024569,25.1774575,1166000,156,10.94,8.40
59.5026434,25.1774734,1168000,161.3,10.39,2.50
59.5028393,25.1774651,1170000,165.7,10.92,358.80
59.5030379,25.1774823,1172000,171.1,11.08,2.50
59.5032277,25.1775638,1174000,177.2,10.83,12.30
59.5035497,25.1782379,1177000,182.2,14.36,53.50
59.5036823,25.1786838,1179000,186.1,14.64,59.60
59.5037823,25.1791645,1181000,189.2,14.69,67.70
59.5038742,25.1796554,1183000,191.5,14.81,69.80
59.5039591,25.1801748,1185000,193.3,15.44,72.10
59.5040241,25.1807183,1187000,195.7,15.81,76.70
59.5040759,25.181275,1189000,197.9,16.03,79.60
59.5041289,25.1818429,1191000,198.5,16.36,79.60
59.5041772,25.1824193,1193000,198.9,16.56,80.60
59.5042263,25.1830021,1195000,198.8,16.72,80.60
59.5042908,25.1835743,1197000,198.6,16.58,77.50
59.5043542,25.184145,1199000,198.1,16.53,77.70
59.5044224,25.1846917,1201000,198.2,15.94,76.20
59.5045135,25.1852285,1203000,197.8,16.03,71.50
59.5045928,25.1857804,1205000,197.2,16.25,74.20
59.5046756,25.1863228,1207000,196.9,16.03,73.30
59.5047639,25.1868597,1209000,196.9,15.97,72.00
59.5048458,25.1873982,1211000,196.7,15.92,73.30
59.5049391,25.1879117,1213000,197.6,15.44,70.30
59.5050359,25.1884377,1215000,199.1,15.83,70.10
59.5051279,25.1889677,1217000,199.7,15.86,71.10
59.5052306,25.1894905,1219000,200.2,15.86,68.80
59.505315,25.1900234,1221000,200.4,15.81,72.70
59.5053967,25.1905576,1223000,200.1,15.81,73.20
59.5054946,25.1910745,1225000,200.4,15.61,69.50
59.5055838,25.1916117,1227000,200.2,16.00,71.90
59.5056862,25.1921541,1229000,200.8,16.39,69.60
59.5057881,25.1926563,1231000,200.2,15.31,68.20
59.5058837,25.1931756,1233000,199.1,15.64,70.10
59.5059966,25.1936961,1235000,198.5,16.03,66.90
59.5061065,25.1942147,1237000,199.3,15.92,67.30
59.5061812,25.1947517,1239000,198.6,15.78,74.70
59.5061697,25.1953398,1241000,195.9,16.67,92.20
59.5061832,25.195932,1243000,193.5,16.78,87.40
59.5065357,25.1966713,1248000,192.6,13.89,33.80
59.5067366,25.1968874,1250000,192.3,12.75,28.60
59.506908,25.197291,1252000,189.5,14.89,50.10
59.5069752,25.1978834,1254000,186.4,17.19,77.40
59.5068816,25.1984718,1256000,184.8,17.44,107.40
59.5066962,25.1989657,1258000,184.7,17.39,126.50
59.5065039,25.1994117,1260000,183.6,16.56,130.40
59.5062698,25.1997726,1262000,179.8,16.56,142.00
59.5060787,25.2002637,1264000,176.7,17.50,127.50
59.5059774,25.2008634,1266000,175.3,17.89,108.40
59.5058729,25.2014355,1268000,175.1,17.22,109.80
59.5057462,25.201965,1270000,173.9,16.58,115.20
59.5056179,25.2025296,1272000,173.6,17.50,114.10
59.505482,25.2031108,1274000,173.4,18.11,114.70
59.5053475,25.2036657,1276000,174.1,17.42,115.50
59.5052257,25.2042376,1278000,173.9,17.56,112.80
59.5050894,25.2048113,1280000,172.7,17.94,115.10
59.5049717,25.2054087,1282000,172.5,18.14,111.20
59.5048624,25.206011,1284000,172.5,18.11,109.70
59.5047494,25.2066013,1286000,171.6,17.86,110.70
59.504671,25.2072125,1288000,170.6,17.86,104.20
59.5045634,25.2078009,1290000,170.4,17.69,109.80
59.5044397,25.2083735,1292000,169.9,17.61,113.10
59.5042138,25.2095516,1295000,168,17.81,113.50
59.5041,25.21014,1297000,168,17.83,110.90
59.5040132,25.2107455,1299000,166.7,17.81,105.80
59.5038824,25.211338,1301000,165.9,18.28,113.50
59.5037822,25.2119431,1303000,165.4,18.03,108.10
59.5037192,25.2125438,1305000,164.1,17.36,101.70
59.5036169,25.2131277,1307000,162.8,17.50,109.00
59.503559,25.2137471,1309000,160.7,17.83,100.40
59.5035062,25.214354,1311000,160.5,17.44,99.70
59.5034386,25.2149516,1313000,160.3,17.33,102.60
59.5034413,25.2155537,1315000,158.4,17.06,89.50
59.5034842,25.2161383,1317000,158.1,16.72,81.80
59.5035314,25.2167242,1319000,156.8,16.81,81.00
59.5035884,25.2173043,1321000,155.2,16.72,79.00
59.5036546,25.2178762,1323000,154.5,16.61,77.20
59.5037191,25.2184457,1325000,153.6,16.53,77.40
59.5037912,25.2190117,1327000,152.9,16.53,75.90
59.503864,25.2195719,1329000,153,16.36,75.60
59.5039372,25.2201452,1331000,152.2,16.75,75.90
59.5040346,25.2206932,1333000,151.6,16.44,70.70
59.5041219,25.2212497,1335000,150.7,16.50,72.80
59.5042014,25.2218174,1337000,150.8,16.67,74.60
59.5042793,25.222372,1339000,150.6,16.31,74.50
59.504357,25.2229355,1341000,150,16.53,74.80
59.5044419,25.2234887,1343000,149.7,16.36,73.20
59.5045339,25.2240221,1345000,148.7,15.94,71.20
59.5046203,25.2245685,1347000,147.9,16.19,72.70
59.5047142,25.2251177,1349000,146.8,16.42,71.40
59.5048218,25.2256567,1351000,146.3,16.39,68.50
59.5049241,25.2261864,1353000,146.2,16.06,69.20
59.505031,25.2267012,1355000,145.2,15.75,67.70
59.5051473,25.2272167,1357000,143.9,15.97,66.00
59.5052595,25.2277293,1359000,144,15.81,66.70
59.5053843,25.2282193,1361000,143.6,15.53,63.30
59.5055027,25.2287008,1363000,143.7,15.14,64.10
59.5056137,25.2291891,1365000,143.4,15.14,65.90
59.5057031,25.2297135,1367000,141.5,15.67,71.40
59.5057339,25.230303,1369000,140.1,16.78,84.10
59.5057825,25.2314446,1374000,138.7,15.94,83.60
59.505876,25.2319965,1376000,136.6,16.47,71.50
59.5060269,25.2324578,1378000,136,15.53,57.20
59.5061702,25.2328931,1380000,135.3,14.69,57.00
59.5063034,25.2333856,1382000,134.9,15.81,61.90
59.5064415,25.233872,1384000,135.2,15.78,60.80
59.5065719,25.2343532,1386000,136.7,15.44,61.90
59.5066902,25.2348488,1388000,137.5,15.50,64.80
59.5068101,25.2353517,1390000,137.5,15.72,64.80
59.5069152,25.2358702,1392000,139.1,15.81,68.20
59.5070249,25.2363724,1394000,140.2,15.47,66.70
59.5071327,25.2368673,1396000,141.1,15.25,66.80
59.5072463,25.2373592,1398000,141.2,15.31,65.50
59.5073618,25.2378596,1400000,140.9,15.56,65.50
59.5074903,25.2383427,1402000,142.3,15.44,62.30
59.5076326,25.2387843,1404000,142.8,14.81,57.60
59.5077937,25.2391559,1406000,142.7,13.83,49.50
59.5079616,25.239515,1408000,142.9,13.81,47.30
59.5081353,25.2398664,1410000,143.6,13.89,45.70
59.5083013,25.2402354,1412000,144.2,13.94,48.40
59.5084468,25.2406661,1414000,145,14.64,56.30
59.508568,25.2411268,1416000,144.8,14.69,62.60
59.5087001,25.2416019,1418000,144.6,15.33,61.30
59.5090354,25.2423688,1421000,146,13.61,44.90
59.5092178,25.2426683,1423000,147.9,13.22,39.80
59.5093944,25.2429737,1425000,148.9,13.08,41.30
59.5095583,25.2433756,1427000,149.4,14.58,51.20
59.5097013,25.2438277,1429000,150.7,15.08,58.10
59.5097713,25.2443789,1431000,150.9,16.08,75.90
59.5098043,25.2449511,1433000,151.6,16.31,83.50
59.509951,25.2454388,1435000,150.9,16.06,59.30
59.5101451,25.2457786,1437000,152.6,14.47,41.60
59.5103285,25.2461113,1439000,153.7,13.89,42.60
59.5105115,25.2464512,1441000,153.5,14.03,43.30
59.5107019,25.2467859,1443000,154.1,14.22,41.70
59.5108902,25.2471109,1445000,155.5,13.94,41.20
59.5110536,25.2474924,1447000,156,14.11,49.80
59.5112047,25.2479394,1449000,156.5,15.19,56.30
59.5113827,25.2483058,1451000,158.6,14.36,46.20
59.5115522,25.2486616,1453000,161.1,13.81,46.80
59.5117096,25.2490318,1455000,161.7,13.67,50.00
59.5118851,25.2494091,1457000,161.8,14.47,47.50
59.5120623,25.2497989,1459000,163.2,14.81,48.10
59.512236,25.2501683,1461000,164.5,14.25,47.20
59.5124173,25.2505317,1463000,165.6,14.42,45.50
59.5125974,25.2509055,1465000,165.9,14.58,46.50
59.5155035,25.2584329,1504000,186.6,16.03,78.80
59.5155329,25.259016,1506000,187.7,16.58,84.30
59.5155414,25.2596116,1508000,188.7,16.86,88.40
59.5155475,25.2601979,1510000,189.7,16.61,88.80
59.5155315,25.2608095,1512000,190,17.33,93.00
59.5155027,25.2614316,1514000,192.2,17.69,95.20
59.5154581,25.2620386,1516000,193.7,17.36,98.20
59.5153959,25.2626368,1518000,194.5,17.28,101.60
59.5153363,25.2632553,1520000,192.4,17.83,100.80
59.5152731,25.2638819,1522000,192.4,18.08,101.20
59.5152223,25.264484,1524000,192.5,17.28,99.40
59.5151929,25.2650904,1526000,191.3,17.25,95.50
59.5151533,25.2657032,1528000,190,17.50,97.30
59.5151245,25.2663158,1530000,191,17.42,95.30
59.5151122,25.266913,1532000,191.4,16.92,92.30
59.5150954,25.2675197,1534000,189.6,17.19,93.10
59.5150891,25.2681488,1536000,188.6,17.81,91.10
59.5150855,25.2687643,1538000,189.1,17.42,90.70
59.5150775,25.2693677,1540000,188.7,17.08,91.50
59.515063,25.2699761,1542000,186.9,17.25,92.70
59.5150384,25.2706115,1544000,185.4,18.03,94.40
59.5149803,25.2718508,1547000,184.3,17.33,94.30
59.5148959,25.2724299,1549000,181.2,17.06,106.00
59.5146913,25.2728986,1551000,176.9,17.50,130.70
59.5144331,25.2732011,1553000,175.6,16.75,149.30
59.5141779,25.2733463,1555000,174.3,14.81,163.90
59.5139298,25.2734135,1557000,171.9,13.94,172.20
59.5136889,25.273364,1559000,170,13.50,186.00
59.5134406,25.2733766,1561000,168.2,13.83,178.50
59.5131875,25.2735968,1563000,165.6,15.42,156.20
59.5129358,25.2738788,1565000,163.9,16.14,150.40
59.5126809,25.2741297,1567000,163.2,15.89,153.50
59.5124266,25.2744467,1569000,163.2,16.78,147.70
59.5121865,25.2747588,1571000,163.7,16.03,146.60
59.5119277,25.2749819,1573000,162.2,15.75,156.40
59.5116697,25.2752315,1575000,162.6,16.03,153.90
59.5114251,25.2755596,1577000,163,16.50,145.80
59.5111902,25.2759171,1579000,162.2,16.56,142.30
59.5109382,25.2762544,1581000,161.4,16.97,145.80
59.5106947,25.2765794,1583000,162.7,16.39,145.90
59.5104506,25.2769025,1585000,163.4,16.39,146.10
59.5102029,25.2772363,1587000,162.5,16.72,145.60
59.509952,25.2775848,1589000,162.2,17.11,144.80
59.5097101,25.2779735,1591000,164,17.39,140.80
59.5094961,25.2784037,1593000,165,17.06,134.40
59.5092855,25.2788478,1595000,166.1,17.19,133.10
59.5090629,25.2793112,1597000,166.4,18.06,133.40
59.5088607,25.2797867,1599000,166.8,17.56,130.00
59.5086826,25.2802906,1601000,167.2,17.39,124.90
59.5085791,25.2808314,1603000,167,16.36,110.70
59.508537,25.2814117,1605000,166.9,16.58,98.10
59.5085629,25.2819887,1607000,166.7,16.39,84.90
59.5086089,25.2825607,1609000,166.5,16.39,81.00
59.5085189,25.2831494,1611000,162.2,17.42,106.80
59.5082738,25.283577,1613000,163.3,18.25,138.50
59.5079991,25.2836433,1615000,163,15.42,173.00
59.507774,25.2834774,1617000,163.2,13.39,200.50
59.50755,25.2833624,1619000,164,12.89,194.60
59.5072757,25.2834376,1621000,162.4,15.42,172.10
59.5069378,25.284466,1626000,156.9,18.33,105.70
59.5070699,25.2850504,1628000,153.4,18.11,66.00
59.5069767,25.2848791,1636000,135.3,19.06,163.60
59.5066607,25.2859885,1640000,144.6,15.92,115.10
59.5065125,25.2864715,1642000,141.5,15.97,121.20
59.5063716,25.2870416,1644000,142.1,17.94,116.00
59.5062431,25.2875747,1646000,145.3,16.69,115.40
59.5061125,25.2880817,1648000,144.9,16.08,116.90
59.5059879,25.2886489,1650000,142.7,17.50,113.40
59.5058491,25.2892068,1652000,144.8,17.58,116.10
59.5057229,25.2897495,1654000,146.2,16.89,114.60
59.5055425,25.290621,1657000,144.3,18.14,113.20
59.5053929,25.2911879,1659000,144.7,18.08,117.50
59.50528,25.2917747,1661000,146,17.78,110.80
59.5051488,25.2923369,1663000,146.5,17.53,114.70
59.5050107,25.292901,1665000,146.8,17.72,115.80
59.5049193,25.2934958,1667000,148.1,17.58,106.80
59.5048007,25.2940674,1669000,148,17.47,112.20
59.5046951,25.2946516,1671000,148.3,17.56,109.60
59.5044885,25.2958385,1674000,149.3,17.86,112.40
59.5044251,25.2964466,1676000,147.6,17.58,101.60
59.5044678,25.2970423,1678000,146,17.03,82.00
59.504546,25.2976233,1680000,145.6,17.03,75.10
59.5045855,25.2981868,1682000,144.5,16.11,82.10
59.504562,25.298792,1684000,142.7,17.19,94.40
59.5044402,25.2993655,1686000,141.4,17.61,112.70
59.5042268,25.2998219,1688000,139.1,17.56,132.70
59.5040253,25.3002851,1690000,138,17.25,130.60
59.5039247,25.3008765,1692000,136.9,17.67,108.50
59.5039024,25.3014972,1694000,137.1,17.61,94.00
59.5038727,25.3020926,1696000,137.1,16.94,95.60
59.503838,25.3027088,1698000,135.9,17.56,96.30
59.5038018,25.3033415,1700000,135.3,18.03,96.40
59.5037545,25.3039467,1702000,134.7,17.33,98.80
59.5037082,25.3045419,1704000,134.4,17.06,98.70
59.5036537,25.3051601,1706000,134,17.78,99.90
59.5035769,25.3057719,1708000,133.9,17.83,103.90
59.503493,25.3063783,1710000,133.7,17.81,105.20
59.5033932,25.3069777,1712000,133.1,17.86,108.20
59.5032692,25.3075466,1714000,133.3,17.53,113.20
59.5031299,25.3081122,1716000,133.8,17.81,115.90
59.5029895,25.3086674,1718000,134.3,17.56,116.50
59.5028425,25.3091954,1720000,134.7,17.06,118.70
59.5026683,25.3096874,1722000,134.8,16.97,124.90
59.502426,25.3100403,1724000,133.4,16.81,143.50
59.5021967,25.3104664,1726000,133.3,17.58,136.70
59.502077,25.3110473,1728000,133.8,17.75,112.10
59.5019791,25.3116487,1730000,136.9,17.89,107.80
59.5018616,25.312229,1732000,135.9,17.69,111.80
59.5017613,25.3128351,1734000,135.4,18.06,108.10
59.5016625,25.3134472,1736000,136.5,18.19,107.60
59.5015248,25.3140065,1738000,136.8,17.61,115.90
59.5013973,25.3145878,1740000,137,17.92,113.40
59.5012535,25.3151598,1742000,136.8,18.08,116.40
59.5010997,25.3156772,1744000,137.5,16.97,120.40
59.5009724,25.3162183,1746000,139.6,16.89,114.90
59.5008095,25.3167309,1748000,136.5,17.11,122.10
59.5004556,25.3172523,1752000,134.4,16.33,147.40
59.500213,25.3174947,1754000,135.1,15.17,153.10
59.4999767,25.3177919,1756000,134.3,15.61,147.40
59.4997287,25.3181314,1758000,133.7,16.83,145.20
59.4994797,25.3184004,1760000,134.1,15.83,151.30
59.4992274,25.3186432,1762000,134.4,15.64,154.00
59.4989675,25.3188839,1764000,133.7,16.00,154.80
59.4987034,25.3190808,1766000,133.6,15.72,159.30
59.4984516,25.3193341,1768000,133.5,15.75,153.00
59.498208,25.3196805,1770000,131,16.75,144.20
59.4979668,25.3200139,1772000,130.3,16.42,144.90
59.4977406,25.3204205,1774000,128.6,17.06,137.60
59.4975348,25.3209092,1776000,126.7,17.97,129.70
59.497389,25.3214643,1778000,127.2,17.69,117.40
59.4973406,25.3220734,1780000,126,17.47,98.90
59.4973042,25.3227068,1782000,125.9,18.06,96.50
59.4972188,25.3233063,1784000,124.9,17.64,105.70
59.4971193,25.3239024,1786000,123.7,17.78,108.20
59.4970038,25.3245054,1788000,123.4,18.25,110.70
59.4968901,25.3251089,1790000,124.4,18.22,110.40
59.4967708,25.3256906,1792000,125,17.78,112.00
59.4966541,25.3262653,1794000,126,17.53,111.80
59.4965394,25.3268116,1796000,126.2,16.75,112.50
59.4962731,25.3279115,1799000,125.2,17.42,114.70
59.4961643,25.3284829,1801000,125.9,17.28,110.60
59.4960581,25.3290559,1803000,125.7,17.28,110.10
59.4959538,25.3296316,1805000,124.7,17.31,109.60
59.4958548,25.3302397,1807000,124,18.08,107.80
59.4957501,25.3308196,1809000,126.2,17.42,109.60
59.4956514,25.3313705,1811000,127.9,16.56,109.40
59.4955507,25.3319472,1813000,127.1,17.28,109.00
59.4954448,25.3325298,1815000,126,17.53,109.70
59.4953511,25.3331286,1817000,126.1,17.75,107.10
59.4952501,25.3337181,1819000,126.5,17.61,108.70
59.4951574,25.3343127,1821000,126.7,17.61,107.10
59.4950635,25.3349091,1823000,126.8,17.69,107.20
59.4949614,25.3354894,1825000,127,17.39,109.10
59.494855,25.3360817,1827000,127.1,17.81,109.50
59.494748,25.336687,1829000,127.1,18.14,109.20
59.4946235,25.3372843,1831000,126.9,18.28,112.30
59.4945158,25.3378935,1833000,126.9,18.28,109.20
59.4944074,25.3385098,1835000,127.8,18.47,109.10
59.4942906,25.339106,1837000,128,18.08,111.10
59.4942131,25.3397253,1839000,128.4,18.06,103.80
59.4941154,25.3403349,1841000,129,18.11,107.50
59.4940317,25.3409621,1843000,130.9,18.36,104.70
59.4939818,25.3415757,1845000,132.1,17.61,99.10
59.4938804,25.3421781,1847000,132.6,17.97,108.30
59.4938201,25.3427947,1849000,134.3,17.78,100.90
59.4938034,25.3434097,1851000,134.1,17.44,93.10
59.4937565,25.3440375,1853000,134.2,17.97,98.40
59.4937309,25.3446511,1855000,135.6,17.44,94.70
59.493754,25.3452599,1857000,136.6,17.31,85.70
59.4937843,25.3458489,1859000,137,16.78,84.20
59.4938205,25.3464451,1861000,136.9,17.00,83.20
59.4938727,25.3470332,1863000,137.2,16.92,80.10
59.4939268,25.3476158,1865000,138,16.78,79.60
59.4939896,25.3482129,1867000,139.1,17.28,78.30
59.4940434,25.3488149,1869000,140.2,17.31,80.00
59.4940994,25.3494179,1871000,142,17.36,79.60
59.4941544,25.3500011,1873000,142.3,16.81,79.50
59.4942596,25.3511897,1878000,142.4,17.17,79.30
59.4943197,25.3517851,1880000,142.9,17.19,78.80
59.4943776,25.3523867,1882000,143.2,17.33,79.30
59.4944397,25.3529773,1884000,144.2,17.08,78.30
59.4947219,25.3553309,1891000,146.9,17.25,76.60
59.4948905,25.3564984,1896000,148.3,17.47,72.10
59.494972,25.3570842,1898000,149.6,17.19,74.70
59.4951401,25.3582193,1901000,151.6,16.75,72.90
59.4952157,25.358812,1903000,152.2,17.31,75.90
59.4953088,25.3593931,1905000,153.6,17.25,72.50
59.4954282,25.3602672,1908000,154.5,17.00,76.30
59.4955254,25.3608421,1910000,155.4,17.17,71.60
59.495631,25.3613857,1912000,156,16.47,69.10
59.4957206,25.3619581,1914000,157.4,16.97,72.90
59.4958345,25.3624938,1916000,158.9,16.44,67.30
59.4959412,25.3630301,1918000,159.8,16.31,68.60
59.4960383,25.3635983,1920000,160.2,16.97,71.40
59.4961691,25.3641283,1922000,162.4,16.69,64.10
59.4962966,25.3646381,1924000,163.9,16.08,63.80
59.4964021,25.3651589,1926000,165,15.89,68.20
59.4965382,25.3656382,1928000,166.6,15.56,60.80
59.496643,25.3661356,1930000,167.5,15.25,67.50
59.4966734,25.3667505,1932000,166,17.50,84.40
59.4966008,25.3673868,1934000,167.5,18.47,102.70
59.4965018,25.367957,1936000,171.1,17.06,108.90
59.4964113,25.3685293,1938000,171.2,16.97,107.30
59.4963277,25.3691463,1940000,171.2,18.08,104.90
59.496216,25.3697636,1942000,172,18.56,109.60
59.4961516,25.3703621,1944000,173.4,17.33,102.00
59.4960686,25.370966,1946000,173.2,17.72,105.20
59.4959739,25.3715777,1948000,172.6,18.11,107.00
59.495896,25.3722097,1950000,173.8,18.42,103.60
59.4957824,25.3728091,1952000,173.6,18.11,110.50
59.4956748,25.3733701,1954000,172,16.97,110.70
59.4955859,25.3739475,1956000,171.2,17.08,106.90
59.4954447,25.3744933,1958000,169,17.33,117.00
59.4953268,25.3750552,1960000,169,17.22,112.50
59.4951989,25.3756135,1962000,168.4,17.33,114.30
59.4950538,25.3761756,1964000,168.2,17.86,117.00
59.4949413,25.3767754,1966000,168.5,18.11,110.30
59.4948139,25.3773657,1968000,168.4,18.17,113.00
59.4946513,25.3778965,1970000,167.5,17.56,121.10
59.4944584,25.3783797,1972000,166.8,17.39,128.20
59.4942582,25.378847,1974000,168.5,17.31,130.20
59.4940601,25.3793024,1976000,170.7,16.97,130.60
59.4938754,25.379793,1978000,171.1,17.28,126.60
59.4936987,25.380289,1980000,172.3,17.17,125.10
59.4935597,25.3807965,1982000,173.8,16.33,118.30
59.4934386,25.3813508,1984000,174.6,17.08,113.30
59.4933498,25.381902,1986000,176.4,16.39,107.60
59.493213,25.3824537,1988000,179.7,17.39,116.00
59.4930776,25.3829716,1990000,182.1,16.50,117.20
59.4929277,25.3834952,1992000,183.6,17.03,119.40
59.4927682,25.3839939,1994000,184.7,16.69,122.20
59.4926086,25.3844913,1996000,186.5,16.67,122.30
59.4924466,25.3849966,1998000,186.3,16.92,122.30
59.492272,25.385497,2000000,186.5,17.19,124.50
59.492007,25.3862419,2004000,189.2,17.03,124.50
59.4918404,25.386725,2006000,190.1,16.53,124.20
59.4916638,25.3872364,2008000,190.1,17.50,124.20
59.4914916,25.3877726,2010000,190.9,17.97,122.30
59.4913224,25.3882663,2012000,192.4,16.86,124.00
59.4911647,25.3887592,2014000,193.3,16.50,122.20
59.4909952,25.3892753,2016000,193.4,17.42,122.90
59.4908146,25.3897745,2018000,194.2,17.36,125.50
59.4906416,25.3902816,2020000,195.2,17.31,123.90
59.4904525,25.3907826,2022000,195.2,17.67,126.60
59.4902546,25.3912575,2024000,196.4,17.39,129.40
59.4900793,25.3917555,2026000,196.7,17.17,124.70
59.4898777,25.3922267,2028000,195.9,17.44,130.10
59.4896598,25.3926749,2030000,196.4,17.56,133.80
59.4894683,25.3931509,2032000,198.1,17.19,128.40
59.4892639,25.3935738,2034000,199.7,16.53,133.60
59.4890469,25.3939746,2036000,199.4,16.58,136.80
59.4888342,25.3944059,2038000,199.4,17.03,134.20
59.4885997,25.3948086,2040000,200,17.33,138.90
59.4883622,25.395188,2042000,202,17.06,141.00
59.4881437,25.3955635,2044000,203.9,16.17,138.90
59.4879063,25.3959015,2046000,203.2,16.33,144.10
59.4876576,25.396257,2048000,203.7,17.14,144.00
59.4874209,25.3966118,2050000,206,16.58,142.70
59.4871806,25.3969271,2052000,206.1,16.08,146.30
59.4869285,25.3972661,2054000,206.7,17.00,145.70
59.4866796,25.3976253,2056000,207.6,17.19,143.80
59.4864278,25.3979244,2058000,208.6,16.39,148.90
59.4861926,25.3982353,2060000,209.7,15.78,146.10
59.4859482,25.3985627,2062000,210.1,16.47,145.80
59.4857177,25.3989128,2064000,210.8,16.22,142.40
59.4855029,25.3993374,2066000,210.5,16.97,134.90
59.4851143,25.4003032,2069000,212.1,17.33,126.50
59.4849111,25.4007707,2071000,211.5,17.42,130.60
59.4846992,25.4012312,2073000,210.4,17.58,132.20
59.4844918,25.4017107,2075000,211,17.83,130.40
59.4843004,25.4021845,2077000,211.1,17.14,128.50
59.484118,25.4026832,2079000,210.2,17.42,125.80
59.4839451,25.4032134,2081000,210.4,17.83,122.70
59.4837651,25.4037154,2083000,210.7,17.39,125.20
59.4835873,25.4042267,2085000,210.1,17.56,124.40
59.4834131,25.4047564,2087000,209.8,17.86,122.90
59.4820131,25.4088226,2103000,213,17.06,120.90
59.4818457,25.4093284,2105000,213.1,17.11,123.10
59.4816778,25.4098316,2107000,213.1,17.06,123.30
59.4815107,25.41035,2109000,213.2,17.39,122.40
59.4813346,25.4108507,2111000,213.5,17.25,124.70
59.479921,25.4136377,2125000,208.4,16.69,152.60
59.4796663,25.4139034,2127000,209.1,16.06,152.10
59.4794147,25.4141649,2129000,209.6,15.86,152.20
59.4791668,25.4144161,2131000,209.4,15.53,152.80
59.478921,25.4146746,2133000,209.9,15.53,151.90
59.478674,25.4149191,2135000,210.2,15.42,153.30
59.4784267,25.4151513,2137000,211.3,15.28,154.50
59.4781719,25.4154076,2139000,212,15.94,152.90
59.4779106,25.4156398,2141000,212.7,15.97,155.70
59.4776495,25.415897,2143000,213.2,16.28,153.40
59.4773887,25.4161689,2145000,213.6,16.44,152.10
59.4771298,25.4164039,2147000,214.4,15.89,155.30
59.4768744,25.4166651,2149000,215.1,16.03,152.60
59.4766123,25.4169343,2151000,215,16.47,152.50
59.4763465,25.4171749,2153000,215.2,16.31,155.30
59.4760921,25.4174424,2155000,217.9,16.08,151.90
59.4758395,25.4177006,2157000,216.4,15.86,152.60
59.4755761,25.4178307,2159000,214.9,15.14,165.90
59.4753113,25.4178799,2161000,214.2,14.81,174.60
59.4750581,25.417873,2163000,213.9,14.11,180.80
59.4748264,25.4178241,2165000,213.1,12.97,186.10
59.474602,25.4177264,2167000,211.7,12.81,192.50
59.4743657,25.4176005,2169000,210.4,13.64,195.10
59.474147,25.4174513,2171000,210.3,12.89,199.10
59.4739536,25.4172486,2173000,210.2,12.22,208.00
59.4737731,25.4170391,2175000,210.2,11.67,210.50
59.473589,25.4168005,2177000,211.6,12.28,213.40
59.4733917,25.4165848,2179000,210.5,12.58,209.00
59.4731983,25.4163807,2181000,210.5,12.22,208.20
59.4730157,25.4161619,2183000,211.6,11.92,211.30
59.4728232,25.4159564,2185000,211.4,12.19,208.50
59.4726271,25.4157433,2187000,211.1,12.47,208.90
59.4724392,25.4155324,2189000,211.5,12.06,209.70
59.4722712,25.4153235,2191000,215,11.08,212.30
59.4720803,25.4150975,2193000,213.7,12.42,211.00
59.4717718,25.4147805,2196000,215.3,13.11,205.80
59.4715596,25.4146143,2198000,215.6,12.72,201.70
59.4713318,25.4144686,2200000,214.3,13.33,198.00
59.4710866,25.4143461,2202000,212.7,14.08,194.20
59.4708498,25.4142483,2204000,209.7,13.47,191.80
59.4706134,25.4141327,2206000,212.1,13.56,194.00
59.4703564,25.4140829,2208000,211.6,14.39,185.60
59.4701083,25.4140167,2210000,212.6,13.94,187.70
59.4698543,25.4139777,2212000,211.4,14.19,184.50
59.4695908,25.4139994,2214000,208.6,14.69,177.60
59.4693359,25.4139922,2216000,209.3,14.19,180.80
59.4687934,25.4141721,2219000,206.2,15.72,168.10
59.4685275,25.4142937,2221000,203.5,15.19,166.90
59.468263,25.4144791,2223000,199.5,15.64,160.40
59.4679855,25.4145809,2225000,198.8,15.72,169.40
59.4677468,25.4145257,2227000,200,13.39,186.70
59.4675711,25.4142911,2229000,197.9,11.83,214.20
59.4674316,25.4140346,2231000,199.4,10.64,223.00
59.4673144,25.4137565,2233000,199.1,10.22,230.30
59.467214,25.4134602,2235000,199.2,10.08,236.30
59.4671395,25.4131624,2237000,197,9.42,243.80
59.4671244,25.4128463,2239000,197.1,9.00,264.60
59.4671214,25.4125412,2241000,195.5,8.64,268.90
59.4670987,25.4122071,2243000,197.2,9.56,262.40
59.4670712,25.4118925,2245000,196.5,9.06,260.20
59.4670405,25.4115733,2247000,193.5,9.22,259.30
59.4669976,25.4112495,2249000,194.1,9.47,255.40
59.4669641,25.4109434,2251000,193.3,8.89,257.80
59.4668862,25.4104588,2255000,189.8,9.67,250.60
59.4668554,25.4101343,2257000,190.1,9.36,259.40
59.4668083,25.4098102,2259000,189.6,9.56,254.00
59.4667502,25.4094875,2261000,189.2,9.69,250.50
59.4667102,25.4091616,2263000,188.8,9.50,256.40
59.4666316,25.4088433,2265000,188.8,10.03,244.10
59.4665632,25.4085209,2267000,188.8,9.89,247.30
59.4664827,25.4082166,2269000,188.2,9.72,242.50
59.4663875,25.4079173,2271000,188.5,10.00,238.00
59.4663109,25.4076052,2273000,188.1,9.83,244.20
59.4662021,25.4073063,2275000,186.9,10.42,234.40
59.4661078,25.4069901,2277000,187.7,10.39,239.60
59.4660289,25.4066786,2279000,186.5,9.86,243.50
59.4659081,25.4063756,2281000,185.6,10.92,231.90
59.4658179,25.4060688,2283000,185.4,10.06,239.90
59.4657179,25.4057556,2285000,183.6,10.47,237.90
59.4655797,25.405452,2287000,183,11.56,228.10
59.4654846,25.4051149,2289000,185.5,10.92,241.00
59.4653612,25.4048231,2291000,181.9,10.75,230.20
59.4652275,25.4045533,2293000,184.1,10.67,225.70
59.4651184,25.4042326,2295000,184.9,10.94,236.20
59.4649742,25.4039665,2297000,181.8,11.03,223.20
59.4648355,25.4036809,2299000,183.3,11.19,226.30
59.4646981,25.4033828,2301000,182.8,11.39,227.80
59.4645383,25.4031136,2303000,182.6,11.72,220.60
59.4644155,25.4028238,2305000,182.5,10.69,230.20
59.4642765,25.4025543,2307000,183.4,10.89,224.60
59.4641202,25.4022978,2309000,184.4,11.33,219.80
59.4640105,25.4019983,2311000,183.9,10.47,234.20
59.4639269,25.4016907,2313000,183.1,9.89,241.90
59.4638784,25.4013922,2315000,183.5,8.89,252.30
59.4638389,25.4010542,2317000,180.8,9.83,257.00
59.4637584,25.4007052,2319000,183,10.86,245.60
59.4636904,25.4003859,2321000,184.6,9.81,247.30
59.463623,25.4000734,2323000,183.9,9.61,247.00
59.4635299,25.3997581,2325000,182.9,10.33,239.80
59.4634475,25.3994232,2327000,183.5,10.56,244.20
59.4633508,25.3990958,2329000,184.2,10.72,239.80
59.4632551,25.3987932,2331000,184.4,10.11,238.10
59.4631794,25.398477,2333000,184.6,9.92,244.80
59.4630899,25.3981466,2335000,184.6,10.61,241.90
59.463,25.3978359,2337000,184.6,10.14,240.30
59.4629247,25.397539,2339000,185.4,9.42,243.50
59.4627404,25.3969236,2342000,184,10.14,243.30
59.4626657,25.3966111,2344000,184,9.78,244.80
59.4625775,25.3963181,2346000,185.4,9.64,239.40
59.4625184,25.3960174,2348000,185.3,9.14,248.90
59.4624584,25.3956909,2350000,184.6,9.83,250.10
59.4623735,25.3953743,2352000,185.9,10.14,242.20
59.4623111,25.3950631,2354000,186.1,9.47,248.50
59.4622266,25.3947593,2356000,185.6,9.81,241.30
59.4621406,25.3944597,2358000,185.1,9.75,240.50
59.4620771,25.394119,2360000,185,10.28,249.90
59.4619848,25.3937883,2362000,185,10.69,241.20
59.4619012,25.3934671,2364000,185.9,10.22,242.90
59.4618386,25.3931415,2366000,186.4,9.86,249.30
59.4617411,25.3928615,2368000,186.2,9.61,235.60
59.4616787,25.3925671,2370000,186.6,9.03,247.40
59.4616052,25.3922424,2372000,186.1,10.08,246.00
59.4614848,25.3919794,2374000,187,10.03,228.00
59.4614388,25.3916694,2376000,188.4,9.17,253.70
59.461363,25.3910398,2381000,188.9,9.17,258.20
59.4613569,25.390706,2383000,188.9,9.47,267.90
59.4613576,25.3904212,2385000,188.8,8.08,270.30
59.4614415,25.3901918,2387000,188.1,8.00,305.70
59.4616106,25.3900287,2389000,184.8,10.50,333.90
59.4618422,25.3899251,2391000,183.4,13.22,347.20
59.4611725,25.3884307,2397000,192,9.11,260.90
59.4611524,25.3880939,2399000,192.6,9.61,263.30
59.4611018,25.3876095,2402000,192.6,9.53,256.80
59.4610823,25.3872707,2404000,192.7,9.67,263.50
59.4610588,25.3869347,2406000,192.9,9.61,262.20
59.4610342,25.3865962,2408000,193.6,9.69,261.90
59.4610298,25.3862659,2410000,194.6,9.36,268.50
59.4610129,25.38594,2412000,195.5,9.28,264.20
59.4610153,25.3856436,2414000,197,8.42,270.90
59.4610273,25.3853268,2416000,197.2,9.00,274.30
59.4610161,25.3850414,2418000,198.4,8.11,265.60
59.4610268,25.3847379,2420000,200.2,8.64,274.00
59.4610394,25.384417,2422000,200.6,9.14,274.40
59.4610602,25.3841138,2424000,201.8,8.67,277.70
59.4610751,25.3838085,2426000,202.6,8.69,275.50
59.4611013,25.3835037,2428000,204.1,8.78,279.60
59.4611371,25.3831944,2430000,204.9,9.00,282.80
59.4611623,25.3828924,2432000,207.2,8.67,279.30
59.4611901,25.382592,2434000,208.7,8.67,280.30
59.4612249,25.3822999,2436000,208.3,8.50,283.20
59.4612378,25.3819685,2438000,210.3,9.42,274.40
59.4612707,25.3816598,2440000,211.8,8.94,281.80
59.4612991,25.3813727,2442000,212,8.31,281.00
59.4613273,25.3810569,2444000,212.4,9.08,280.00
59.4613766,25.3807593,2446000,213.1,8.86,288.10
59.4614014,25.3804476,2448000,213.9,8.94,278.90
59.4614456,25.3801515,2450000,215.5,8.75,286.40
59.4615061,25.3798536,2452000,214,9.08,291.80
59.4615335,25.3795222,2454000,215.1,9.53,279.20
59.4616092,25.3792413,2456000,214.7,9.00,297.90
59.4616572,25.3789485,2458000,216.2,8.72,287.90
59.4617363,25.3783494,2461000,218.4,9.03,296.60
59.4617632,25.3780392,2463000,218.5,8.92,279.70
59.461754,25.3777212,2465000,221.4,9.03,266.70
59.4617291,25.3773874,2467000,221.7,9.56,261.60
59.4617016,25.3770558,2469000,222.3,9.53,260.70
59.4616797,25.3767179,2471000,222.8,9.67,262.70
59.4616685,25.3763845,2473000,223.7,9.47,266.20
59.461664,25.3760466,2475000,224.4,9.58,268.50
59.4616613,25.3757091,2477000,226.4,9.58,269.10
59.461659,25.3754032,2479000,228.4,8.67,269.20
59.461667,25.3750867,2481000,229.5,8.97,272.80
59.4616599,25.3747558,2483000,230.6,9.39,267.60
59.4616631,25.3744143,2485000,232.4,9.69,271.10
59.4616846,25.3741121,2487000,235.4,8.64,278.00
59.4616867,25.3738119,2489000,236.8,8.50,270.80
59.4617131,25.3735018,2491000,238.3,8.92,279.50
59.4617618,25.3731805,2493000,240,9.50,286.60
59.4617867,25.3728669,2495000,242.8,9.00,278.90
59.4618234,25.3725752,2497000,243.8,8.53,283.90
59.4618681,25.3722886,2499000,244,8.50,287.10
59.4618927,25.3719732,2501000,245,9.06,278.70
59.46194,25.371688,2503000,246.6,8.50,288.10
59.4619907,25.3712236,2507000,248.1,9.06,278.60
59.4620259,25.3709257,2509000,249.8,8.67,283.10
59.46208,25.3706411,2511000,251.4,8.61,290.50
59.4621187,25.3703482,2513000,253.7,8.58,284.60
59.4621795,25.370088,2515000,254.8,8.11,294.70
59.4622055,25.3698147,2517000,257,7.89,280.60
59.4621582,25.3694982,2519000,257.1,9.36,253.60
59.4621085,25.3691814,2521000,258.7,9.39,252.80
59.4620739,25.3688692,2523000,261.3,9.06,257.70
59.4620347,25.3685501,2525000,262.1,9.31,256.40
59.4619957,25.3682373,2527000,263.5,9.14,256.20
59.4619699,25.3679246,2529000,263.9,8.97,260.80
59.4619505,25.3676039,2531000,266.8,9.17,263.20
59.4619197,25.3672834,2533000,268.9,9.25,259.30
59.4618899,25.3669607,2535000,271.2,9.31,259.70
59.4618651,25.3666371,2537000,273.6,9.28,261.40
59.4618378,25.3663348,2539000,273.8,8.69,259.90
59.4617844,25.3660208,2541000,275.3,9.39,251.50
59.4616692,25.3657479,2543000,276.2,10.06,230.30
59.4614996,25.365512,2545000,277.9,11.58,215.30
59.4613562,25.3652406,2547000,279.2,11.08,223.90
59.4612668,25.36494,2549000,280.8,9.86,239.70
59.461216,25.3646415,2551000,283.3,8.92,251.50
59.4612119,25.3643557,2553000,284.8,8.11,268.40
59.4612504,25.3640637,2555000,286.9,8.56,284.50
59.4613272,25.3638041,2557000,288.1,8.50,300.20
59.461412,25.3635774,2559000,291.5,7.97,306.40
59.4614782,25.3633322,2561000,292.2,7.86,298.00
59.4615664,25.3630828,2563000,292.9,8.61,304.80
59.4616501,25.3628244,2565000,294.4,8.69,302.50
59.4616994,25.3625581,2567000,296.2,8.03,290.00
59.461758,25.3623077,2569000,297.9,7.81,294.70
59.4617935,25.3620358,2571000,297.7,7.97,284.40
59.4618489,25.3617852,2573000,297.8,7.75,293.50
59.4619226,25.3615487,2575000,298.1,7.86,301.50
59.4619606,25.3612736,2577000,298.6,8.08,285.20
59.4620244,25.3610165,2579000,299.5,8.11,296.00
59.462089,25.3607704,2581000,300.1,7.86,297.30
59.4621164,25.3604911,2583000,300.4,8.06,280.90
59.4621974,25.3602569,2585000,301.8,8.03,304.20
59.4623001,25.3597182,2588000,301.7,8.31,289.50
59.4623805,25.3594575,2590000,302.5,8.64,301.30
59.4624063,25.3591435,2592000,302.5,9.03,279.20
59.4624875,25.3588991,2594000,302.7,8.28,303.20
59.462549,25.3586307,2596000,303.6,8.33,294.30
59.4625351,25.3583184,2598000,304.6,8.89,265.00
59.4625409,25.3580093,2600000,305.3,8.78,272.10
59.4625908,25.3577327,2602000,307.3,8.33,289.50
59.4628845,25.3566778,2610000,311.4,8.08,305.40
59.4629799,25.3564645,2612000,312.6,8.06,311.40
59.46306,25.3561989,2614000,313.2,8.75,300.70
59.4631493,25.3559714,2616000,314.9,8.14,307.70
59.463211,25.3557389,2618000,317.1,7.44,297.60
59.4632737,25.3554801,2620000,317.7,8.14,295.50
59.4633408,25.3552109,2622000,318.5,8.50,296.10
59.4633795,25.3549329,2624000,320.4,8.17,285.30
59.4634662,25.3545649,2627000,321.1,7.78,297.50
59.4635113,25.354288,2629000,321.1,8.25,287.80
59.4635709,25.3538782,2633000,322.9,8.08,288.20
59.4636065,25.3536158,2635000,322.6,7.69,285.00
59.4636341,25.3533336,2637000,323.4,8.14,280.90
59.4636912,25.3530714,2639000,323.8,8.08,293.20
59.4637239,25.3527989,2641000,323,7.94,283.30
59.4637563,25.3525283,2643000,324.1,7.89,283.30
59.4638035,25.3522378,2645000,325.8,8.64,287.70
59.4638202,25.3519567,2647000,326.5,8.03,276.70
59.4638477,25.3516778,2649000,328.8,8.06,281.00
59.4638831,25.3514031,2651000,328.4,8.03,284.20
59.4638884,25.3511173,2653000,327.7,8.11,272.10
59.4639379,25.3508284,2655000,328.3,8.64,288.60
59.4639664,25.350552,2657000,328.6,8.00,281.50
59.4639649,25.3502641,2659000,329.9,8.17,269.40
59.4640182,25.349991,2661000,329.1,8.31,291.00
59.4640313,25.3496778,2663000,329.2,8.92,274.70
59.464045,25.3493774,2665000,331.1,8.56,275.10
59.4640926,25.3491079,2667000,330.5,8.08,289.20
59.4640865,25.3488128,2669000,329,8.36,267.70
59.4641133,25.3485139,2671000,330.1,8.61,280.00
59.464147,25.3482516,2673000,328.9,7.67,284.20
59.464141,25.3479722,2675000,327.4,7.92,267.60
59.4641635,25.3476569,2677000,328.1,9.03,278.00
59.4641693,25.3473627,2679000,327,8.33,272.20
59.4641641,25.3470479,2681000,327.6,8.92,268.10
59.4642141,25.3467369,2683000,327.5,9.25,287.60
59.4642401,25.3464149,2685000,327.5,9.25,279.00
59.4642665,25.3460997,2687000,328.7,9.06,279.40
59.4643423,25.3458162,2689000,328.1,9.08,297.80
59.4643831,25.3455086,2691000,326.4,9.00,284.60
59.4644207,25.3451976,2693000,326.3,9.06,283.40
59.4644826,25.3449074,2695000,324.7,8.92,292.80
59.4645394,25.3446336,2697000,321.7,8.39,292.20
59.4646078,25.3443416,2699000,320.2,9.11,294.80
59.4646673,25.3440457,2701000,318.9,9.03,291.60
59.4647304,25.3437555,2703000,317.8,8.94,293.20
59.464799,25.3434715,2705000,315.8,8.92,295.40
59.4648526,25.3431816,2707000,314.3,8.75,290.00
59.4649126,25.3428944,2709000,313.5,8.81,292.40
59.4649657,25.342606,2711000,312.7,8.69,289.90
59.4650066,25.3423057,2713000,312.8,8.81,285.00
59.4650606,25.3420062,2715000,310.9,9.00,289.50
59.4651031,25.3416925,2717000,308,9.19,284.90
59.4652255,25.341108,2720000,308.9,8.64,298.20
59.4652808,25.3408174,2722000,307.1,8.81,290.50
59.4653521,25.3405233,2724000,305.5,9.22,295.50
59.4654437,25.3402472,2726000,303.1,9.33,303.10
59.4655186,25.3399519,2728000,304.6,9.36,296.50
59.4656155,25.3396908,2730000,306.6,9.17,306.10
59.4657054,25.3394253,2732000,305.2,9.03,303.70
59.4657878,25.3391299,2734000,303.8,9.56,298.80
59.4658955,25.3388525,2736000,304.2,9.89,307.40
59.4659617,25.3385381,2738000,303.9,9.64,292.50
59.465998,25.3381812,2740000,304.1,10.31,281.30
59.4660444,25.3378672,2742000,305.6,9.28,286.20
59.4660665,25.3375477,2744000,304.9,9.14,277.80
59.466087,25.3372212,2746000,303,9.33,277.00
59.4661349,25.3369004,2748000,301.9,9.47,286.40
59.4661666,25.3365774,2750000,302.3,9.33,280.90
59.4661944,25.3362655,2752000,302.2,8.97,280.00
59.4662374,25.3359569,2754000,300.7,9.08,285.30
59.4663084,25.3353465,2759000,300.4,8.67,281.30
59.4663563,25.3350556,2761000,298.9,8.67,288.00
59.4663802,25.3347293,2763000,299.6,9.33,278.20
59.4664037,25.3344073,2765000,298.3,9.22,278.20
59.466451,25.3341027,2767000,299.5,9.03,287.00
59.466476,25.3337942,2769000,299,8.86,279.10
59.4665282,25.3334998,2771000,298.4,8.83,289.20
59.4665862,25.3331983,2773000,298.8,9.14,290.70
59.4666198,25.3328884,2775000,299.3,8.97,282.00
59.4666894,25.3326024,2777000,299.4,9.00,295.60
59.4667592,25.3323125,2779000,299.7,9.08,295.40
59.4668162,25.3320147,2781000,299.1,9.03,290.60
59.4669073,25.3317669,2783000,297.4,8.67,305.90
59.4669852,25.3314858,2785000,296.5,9.08,298.60
59.4670389,25.3311913,2787000,294.6,8.86,289.70
59.4670731,25.3308673,2789000,293.8,9.39,281.70
59.4671043,25.3305537,2791000,293.7,9.06,281.10
59.4671216,25.3302414,2793000,292.6,8.92,276.20
59.4671386,25.3299233,2795000,291.4,9.06,276.00
59.4671838,25.3296112,2797000,292.2,9.19,285.90
59.4672225,25.3293127,2799000,292.7,8.72,284.30
59.4672624,25.3290148,2801000,292.2,8.72,284.80
59.4673253,25.3286965,2803000,290.8,9.67,291.30
59.4673777,25.3283674,2805000,290.4,9.78,287.40
59.4674446,25.3280608,2807000,291.4,9.44,293.20
59.467497,25.3277622,2809000,291.2,8.94,289.10
59.4675469,25.3274496,2811000,290.3,9.28,287.40
59.4676207,25.3271448,2813000,289.4,9.56,295.50
59.4676712,25.3268433,2815000,290.1,9.00,288.20
59.4677234,25.3265492,2817000,290.4,8.83,289.30
59.4678,25.3262584,2819000,289.4,9.28,297.40
59.4678474,25.3259369,2821000,289.2,9.50,286.20
59.467915,25.325643,2823000,289.2,9.14,294.40
59.468001,25.3253691,2825000,288.2,9.11,301.70
59.468068,25.3250859,2827000,286.3,8.86,295.00
59.4681224,25.3247774,2829000,284.4,9.25,289.10
59.4681442,25.3244261,2831000,283.5,10.03,277.00
59.468177,25.3240885,2833000,282.7,9.75,280.80
59.4682045,25.3237671,2835000,281.8,9.25,279.60
59.4682126,25.323453,2837000,280,8.92,272.90
59.468235,25.3231268,2839000,278.8,9.33,277.70
59.4682517,25.3227866,2841000,278.6,9.69,275.50
59.4682462,25.3224643,2843000,278.2,9.14,268.10
59.4682674,25.3221599,2845000,276.9,8.72,277.80
59.4682859,25.321829,2847000,275.6,9.44,276.30
59.468303,25.3211775,2850000,273.1,9.11,276.90
59.4683237,25.3208529,2852000,271.9,9.28,277.20
59.4683537,25.3205337,2854000,270.7,9.19,280.50
59.4684079,25.3202024,2856000,270.8,9.86,287.90
59.4684303,25.319867,2858000,271.6,9.58,277.50
59.4684595,25.3195572,2860000,270.9,8.94,280.50
59.4685049,25.31924,2862000,270.4,9.33,285.70
59.4685437,25.3189297,2864000,269.6,9.06,283.80
59.4686076,25.3186337,2866000,268.9,9.11,293.00
59.4686531,25.318321,2868000,268.6,9.22,286.00
59.4686976,25.3180212,2870000,267.6,8.86,286.30
59.4687576,25.3177102,2872000,266.9,9.42,290.80
59.4687892,25.3173809,2874000,266.3,9.50,280.70
59.4688449,25.3170787,2876000,266.1,9.11,289.90
59.4689082,25.316775,2878000,266.4,9.31,292.30
59.4689456,25.3164643,2880000,265.6,9.06,283.30
59.4689416,25.3157824,2885000,262.4,10.31,259.60
59.4689156,25.3154402,2887000,261.9,9.81,261.50
59.4688999,25.3150972,2889000,262,9.75,264.90
59.4688725,25.3147578,2891000,261.8,9.75,261.00
59.4688655,25.3144293,2893000,261.2,9.33,267.60
59.4688612,25.3140864,2895000,261.2,9.72,268.60
59.4688422,25.3137531,2897000,261.5,9.50,263.60
59.4688417,25.3134234,2899000,261.6,9.33,269.80
59.4688378,25.3130888,2901000,261.2,9.50,268.70
59.4688194,25.312753,2903000,259.9,9.58,263.80
59.4688215,25.3124196,2905000,259,9.44,270.70
59.4688299,25.3121105,2907000,258.3,8.78,273.10
59.4688292,25.3117955,2909000,256.9,8.92,269.70
59.4688315,25.3114602,2911000,255.3,9.50,270.80
59.4688378,25.3111188,2913000,254.2,9.69,272.10
59.468851,25.3107827,2915000,253.8,9.56,274.40
59.4688573,25.310457,2917000,253.9,9.25,272.20
59.468865,25.310154,2919000,252,8.61,272.90
59.4688842,25.3098345,2921000,250.4,9.11,276.70
59.4688955,25.3095122,2923000,248.8,9.17,273.90
59.4689024,25.3091789,2925000,246.6,9.44,272.30
59.4689262,25.3088443,2927000,246,9.58,278.00
59.4689553,25.308526,2929000,245.8,9.17,280.20
59.4689919,25.3082125,2931000,245.5,9.11,282.90
59.4690225,25.3078879,2933000,245.7,9.36,280.50
59.4690261,25.3075463,2935000,246.5,9.69,271.20
59.4690307,25.3072174,2937000,246.8,9.33,271.60
59.4690184,25.3068804,2939000,247.3,9.58,265.90
59.4689635,25.3065407,2941000,246.2,10.11,252.40
59.4689282,25.3061864,2943000,246.1,10.22,258.90
59.4688706,25.3058486,2945000,245.8,10.11,251.40
59.4688215,25.3055104,2947000,245.5,9.97,254.10
59.4682056,25.2974833,2994000,231,10.08,251.30
59.4681527,25.2971495,2996000,231.2,9.92,252.70
59.4681043,25.2968011,2998000,230.9,10.25,254.70
59.4680503,25.2964473,3000000,230.5,10.47,253.30
59.4680081,25.2960875,3002000,232.2,10.47,257.00
59.4680051,25.2957559,3004000,234.4,9.39,269.00
59.4679922,25.2954372,3006000,234.8,9.06,265.40
59.4679886,25.2947536,3011000,233.8,9.94,275.10
59.4679934,25.2944326,3013000,234.7,9.11,271.70
59.4680123,25.2941328,3015000,233.7,8.56,277.10
59.468063,25.2938214,3017000,232.2,9.28,287.80
59.4680583,25.2934727,3019000,231.4,9.89,268.50
59.4680312,25.2931228,3021000,231.9,10.03,261.30
59.4680052,25.2927826,3023000,232.9,9.75,261.40
59.4679702,25.2924504,3025000,232.7,9.61,258.30
59.4679517,25.2921154,3027000,231.9,9.56,263.80
59.4679148,25.2917781,3029000,231.8,9.78,257.80
59.4678813,25.2914412,3031000,232.1,9.72,258.90
59.4678671,25.2911192,3033000,232.5,9.17,265.00
59.4678371,25.2907939,3035000,232.8,9.36,259.70
59.4678071,25.2904616,3037000,232.1,9.56,259.90
59.4677777,25.2901265,3039000,231.9,9.64,260.20
59.4677555,25.2897901,3041000,231.5,9.61,262.60
59.4677641,25.2894524,3043000,231.3,9.58,272.90
59.4677632,25.2891104,3045000,232.1,9.69,269.70
59.4677654,25.2887765,3047000,231.8,9.47,270.70
59.4678025,25.2884489,3049000,231.8,9.50,282.60
59.4678255,25.2881082,3051000,232.8,9.75,277.60
59.4678509,25.2877735,3053000,232.8,9.58,278.50
59.4678631,25.2874258,3055000,234.1,9.89,274.00
59.4677946,25.2870697,3057000,233.8,10.78,249.30
59.4677104,25.2867278,3059000,234.5,10.78,244.10
59.4676244,25.2863943,3061000,235.9,10.61,243.10
59.467571,25.2860624,3063000,234.8,9.86,252.40
59.4674741,25.2853896,3066000,236.1,9.81,250.00
59.4674417,25.2850591,3068000,235.1,9.53,259.10
59.4674212,25.2847189,3070000,236.1,9.72,263.20
59.4673852,25.2843815,3072000,236.2,9.78,258.10
59.4673884,25.2840472,3074000,235.3,9.47,271.10
59.4673835,25.2836971,3076000,235.4,9.92,268.40
59.4673686,25.2833571,3078000,235.2,9.67,265.10
59.4674146,25.2830211,3080000,235.6,9.86,285.10
59.4674203,25.2826714,3082000,236.7,9.92,271.80
59.4673933,25.2823375,3084000,237.2,9.58,261.00
59.4673859,25.2820177,3086000,236.9,9.08,267.40
59.4673575,25.281682,3088000,236.8,9.64,260.50
59.4673065,25.2813459,3090000,237,9.94,253.40
59.4672773,25.2809896,3092000,237.4,10.22,260.80
59.4672254,25.280629,3094000,237.6,10.61,254.20
59.4671645,25.2802966,3096000,237.5,10.03,250.20
59.4671261,25.2799607,3098000,237.3,9.75,257.30
59.4670851,25.2794268,3101000,238.1,10.25,260.60
59.4670682,25.2790837,3103000,238.7,9.78,264.50
59.4670612,25.2787322,3105000,238.7,9.97,267.80
59.4670603,25.2783765,3107000,238.2,10.08,269.70
59.4670749,25.2780393,3109000,237.9,9.58,274.90
59.4670914,25.2777079,3111000,237.5,9.44,275.60
59.4670981,25.2773638,3113000,236.6,9.75,272.20
59.4671035,25.2770452,3115000,236,9.03,271.90
59.4670948,25.2766561,3117000,236.3,11.03,267.50
59.4670496,25.2762303,3119000,234.9,12.33,258.20
59.4670117,25.2758177,3121000,234.2,11.89,259.80
59.4669711,25.275463,3123000,233.2,10.31,257.30
59.4669516,25.2751442,3125000,233.9,9.11,263.10
59.4669643,25.2748097,3127000,233.9,9.50,274.30
59.4669393,25.2745309,3129000,234.7,8.03,260.00
59.4669175,25.2742085,3131000,234,9.22,262.40
59.4669393,25.2738752,3133000,233.8,9.53,277.30
59.4670688,25.2734499,3137000,232,9.94,307.10
59.4671662,25.2731237,3139000,231.7,10.72,300.40
59.4672205,25.2727245,3141000,233.6,11.72,285.00
59.4672137,25.2722469,3143000,233.8,13.56,268.40
59.4671748,25.2717218,3145000,232.3,15.06,261.70
59.4670996,25.2712173,3147000,232.9,14.89,253.60
59.4670528,25.2708444,3149000,230.9,10.89,256.10
59.4669393,25.2705711,3151000,231.5,10.00,230.70
59.4668788,25.2702956,3153000,232.1,8.50,246.60
59.4669726,25.2700887,3155000,233.5,7.86,311.70
59.4670421,25.269777,3157000,233.1,9.64,293.70
59.4670812,25.2694535,3159000,233.5,9.42,283.40
59.4671872,25.2691749,3161000,233.1,9.86,306.80
59.4672303,25.2688447,3163000,231.7,9.67,284.40
59.467233,25.2685066,3165000,233.4,9.58,270.90
59.4672259,25.2681826,3167000,233.3,9.19,267.50
59.4671903,25.2678414,3169000,232.5,9.86,258.40
59.4671428,25.2674907,3171000,232.3,10.28,255.10
59.4670762,25.2671463,3173000,232.2,10.44,249.20
59.4669289,25.266844,3175000,231.9,11.86,226.20
59.4666917,25.2665772,3177000,229.4,15.22,209.70
59.466897,25.2661723,3179000,233,16.19,314.90
59.4668146,25.2658204,3181000,232.2,10.97,245.30
59.4667341,25.2654802,3183000,233.4,10.64,245.00
59.4666454,25.2651528,3185000,233.4,10.53,241.90
59.4664638,25.2638982,3191000,233.4,10.28,255.90
59.4664301,25.2635536,3193000,233.9,9.94,259.10
59.4664013,25.2632025,3195000,233.8,10.08,260.80
59.4663856,25.2628507,3197000,233.9,10.00,265.00
59.466389,25.2624979,3199000,232.6,10.00,271.10
59.4663957,25.2621205,3201000,231.1,10.69,272.00
59.4663795,25.2617742,3203000,232.2,9.86,264.70
59.46632,25.2614353,3205000,231.6,10.17,250.90
59.4662285,25.2610811,3207000,231.4,11.25,243.00
59.4661341,25.2607283,3209000,230.4,11.31,242.20
59.4660329,25.2603796,3211000,232.1,11.39,240.30
59.4659604,25.2600338,3213000,232.3,10.61,247.60
59.4658934,25.2596625,3215000,232.2,11.17,250.40
59.4658006,25.2593212,3217000,233.7,10.97,241.80
59.4657773,25.2589571,3219000,235.9,10.42,262.80
59.465729,25.2585902,3221000,236.2,10.75,255.50
59.4656764,25.2582442,3223000,237.7,10.25,253.30
59.4656921,25.2578921,3225000,238.6,10.03,275.00
59.465679,25.25755,3227000,241.4,9.72,265.70
59.4656764,25.2572077,3229000,242,9.69,269.10
59.465716,25.2568713,3231000,242.8,9.78,283.00
59.4656736,25.2565165,3233000,243.5,10.33,256.80
59.4655936,25.2561739,3235000,242.8,10.69,245.30
59.4655138,25.2558302,3237000,242.9,10.72,245.40
59.4654192,25.2555092,3239000,243.5,10.53,239.90
59.4653272,25.2551818,3241000,243.9,10.61,241.10
59.4652379,25.2548414,3243000,243.2,10.86,242.70
59.4651585,25.2544963,3245000,243.9,10.75,245.60
59.4650878,25.2541576,3247000,243.4,10.39,247.70
59.465034,25.2538035,3249000,243.5,10.47,253.40
59.4649872,25.2534526,3251000,244.5,10.28,255.30
59.4649459,25.2530975,3253000,244.3,10.33,257.10
59.4649174,25.2527475,3255000,243.6,10.06,260.90
59.464884,25.2523852,3257000,244,10.44,259.70
59.4648511,25.2520313,3259000,243.7,10.19,259.60
59.4648294,25.2515027,3263000,243.4,9.86,264.60
59.4648051,25.2511408,3265000,243,10.36,262.50
59.4648129,25.2507871,3267000,244.3,10.03,272.50
59.4648092,25.250442,3269000,244.7,9.78,268.80
59.4647622,25.250089,3271000,245.9,10.33,255.30
59.4647011,25.2497517,3273000,245.9,10.14,250.40
59.4646283,25.2494065,3275000,245.3,10.58,247.50
59.4645218,25.2490804,3277000,245.4,10.97,237.30
59.4644401,25.2487303,3279000,245.4,10.92,245.30
59.4643705,25.2483699,3281000,246.9,10.92,249.20
59.4642989,25.2480291,3283000,245.8,10.44,247.50
59.4642602,25.2476739,3285000,246.5,10.31,257.90
59.4642183,25.2473237,3287000,246.5,10.19,256.70
59.4641688,25.2469763,3289000,245.7,10.22,254.30
59.464145,25.2466203,3291000,245.8,10.17,262.50
59.4641189,25.2462662,3293000,246.9,10.14,261.70
59.464076,25.2459301,3295000,246,9.83,255.90
59.4639963,25.2455885,3297000,245.9,10.67,245.30
59.463902,25.2452468,3299000,244.9,11.03,241.50
59.4637974,25.2449227,3301000,246.8,10.89,237.60
59.4636897,25.2446059,3303000,246.4,10.81,236.20
59.4635844,25.2442864,3305000,245.9,10.78,237.00
59.463485,25.243944,3307000,246.1,11.17,240.30
59.4634025,25.2435915,3309000,246.4,11.00,245.30
59.46332,25.2432428,3311000,247.3,10.89,245.00
59.4632485,25.2429057,3313000,246.7,10.36,247.30
59.4631872,25.2425557,3315000,246.8,10.50,251.00
59.463135,25.2422056,3317000,247.1,10.33,253.60
59.4630957,25.2418581,3319000,247.2,10.08,257.50
59.4630702,25.2415269,3321000,247,9.50,261.40
59.4630376,25.2411877,3323000,246.4,9.78,259.30
59.4630113,25.240836,3325000,245.7,10.08,261.60
59.4629955,25.2404838,3327000,245.5,10.03,265.00
59.4629422,25.240145,3329000,246.2,10.06,252.80
59.4628561,25.2398153,3331000,245.8,10.50,242.80
59.4627504,25.2394956,3333000,246.9,10.81,236.90
59.4626495,25.2391637,3335000,246.6,10.97,239.10
59.4625738,25.2388122,3337000,246.9,10.83,247.00
59.462491,25.2384922,3339000,247.2,10.17,243.00
59.4624116,25.2381648,3341000,247.1,10.28,244.50
59.4623594,25.2378291,3343000,246.5,9.94,253.00
59.4622265,25.2371463,3346000,246.3,10.31,251.40
59.462189,25.2367958,3348000,246.1,10.17,258.10
59.4621249,25.2364538,3350000,245.9,10.33,249.80
59.4621066,25.2361045,3352000,245.4,9.94,264.10
59.4620914,25.2357489,3354000,245.6,10.11,265.20
59.4620357,25.2353996,3356000,245.7,10.39,252.60
59.4619873,25.2350869,3358000,246.5,9.28,253.10
59.4619347,25.2347959,3360000,246.4,8.75,250.40
59.4617995,25.2344192,3362000,247.5,13.06,234.80
59.4616991,25.2340914,3364000,247.7,10.83,238.90
59.4616066,25.2337541,3366000,247.9,10.86,241.60
59.4615148,25.2334061,3368000,248.3,11.11,242.60
59.4614223,25.233066,3370000,248.2,10.94,241.80
59.461338,25.2327284,3372000,248.2,10.67,243.80
59.4612487,25.2323855,3374000,248.1,10.92,242.90
59.4611558,25.2320619,3376000,248.1,10.53,240.50
59.4610668,25.2317201,3378000,248.7,10.89,242.90
59.4609709,25.2313731,3380000,248.7,11.19,241.50
59.4608773,25.2310393,3382000,249.4,10.81,241.10
59.4607804,25.2307066,3384000,248.8,10.86,240.20
59.4605914,25.2300719,3389000,249.3,10.67,241.70
59.4605194,25.2297335,3391000,249.3,10.39,247.30
59.460455,25.2293866,3393000,249.1,10.47,249.90
59.4604038,25.2290361,3395000,249.7,10.33,254.00
59.4603607,25.2286753,3397000,249.8,10.50,256.80
59.460295,25.2280048,3401000,249.4,9.56,263.40
59.4602871,25.2276696,3403000,249.4,9.53,267.30
59.4603014,25.2273866,3405000,249.9,8.06,275.70
59.460362,25.2271039,3407000,250.8,8.69,292.90
59.4603983,25.2267244,3409000,252.2,10.94,280.70
59.4603579,25.2262171,3411000,250.8,14.56,261.10
59.4598959,25.2256569,3415000,251.3,14.11,187.50
59.4597322,25.2253753,3417000,251.6,12.11,221.20
59.4596049,25.2250513,3419000,251.5,11.61,232.30
59.4594804,25.2247363,3421000,252.2,11.31,232.10
59.4593607,25.2244202,3423000,253.2,11.17,233.30
59.4592832,25.2240735,3425000,253.1,10.75,246.30
59.4591878,25.2237295,3427000,253,11.11,241.40
59.459106,25.2233839,3429000,253.2,10.81,245.00
59.4590569,25.223027,3431000,253.7,10.47,254.90
59.4589775,25.2226798,3433000,253.3,10.81,245.80
59.4589371,25.2223201,3435000,253.6,10.44,257.50
59.4589109,25.2219684,3437000,254.2,10.08,261.70
59.4588699,25.2216126,3439000,254.1,10.33,257.20
59.4588694,25.2212709,3441000,253.2,9.69,269.80
59.4588519,25.220891,3443000,254.1,10.81,264.80
59.4588441,25.2205474,3445000,253.2,9.75,267.40
59.4588813,25.220199,3447000,253.8,10.08,281.90
59.4588746,25.2198608,3449000,252,9.58,267.80
59.4588161,25.2194967,3451000,252.3,10.83,252.50
59.4587331,25.2187907,3454000,252.8,10.33,252.60
59.458668,25.2184309,3456000,253.5,10.83,250.40
59.4586152,25.2180931,3458000,252.6,10.03,252.90
59.4585404,25.2177521,3460000,252.7,10.53,246.70
59.4584818,25.2174098,3462000,252.4,10.25,251.40
59.458429,25.2170624,3464000,252.2,10.28,253.30
59.4583534,25.2167237,3466000,251.7,10.50,246.30
59.4582715,25.2163865,3468000,252.2,10.58,244.50
59.4582006,25.2160742,3470000,252,9.69,245.90
59.4581127,25.2157582,3472000,250,10.22,241.30
59.458023,25.2154224,3474000,249,10.75,242.30
59.4579514,25.2150991,3476000,249.7,10.00,246.50
59.4578756,25.2147653,3478000,250,10.36,245.90
59.457819,25.2144088,3480000,249.2,10.58,252.70
59.4577764,25.2140528,3482000,249.3,10.36,256.70
59.4577316,25.2136885,3484000,250.2,10.64,256.40
59.4577065,25.2133608,3486000,250.1,9.39,261.40
59.4576947,25.2130055,3488000,250.8,10.08,266.30
59.4576759,25.2126631,3490000,248.5,9.78,263.80
59.4576236,25.2123076,3492000,248.6,10.50,253.90
59.4575185,25.2119768,3494000,248.4,11.06,238.00
59.4573946,25.2116565,3496000,247.8,11.42,232.70
59.4572727,25.2113468,3498000,247.6,11.11,232.20
59.4571442,25.211028,3500000,247,11.53,231.60
59.4570336,25.2106948,3502000,247,11.28,236.80
59.4569365,25.2103641,3504000,246.8,10.83,240.00
59.456842,25.2100339,3506000,246.3,10.75,240.60
59.4567692,25.2096961,3508000,245.7,10.39,247.00
59.4567003,25.209349,3510000,245.5,10.56,248.70
59.4566044,25.2086437,3515000,246.1,10.42,255.60
59.4565442,25.2082924,3517000,245.9,10.50,251.40
59.4565173,25.2079426,3519000,246,10.03,261.40
59.4564473,25.2076085,3521000,245.8,10.25,247.60
59.4563402,25.2072913,3523000,245.1,10.81,236.40
59.4562425,25.20696,3525000,245.2,10.86,239.90
59.4561419,25.2066436,3527000,245.4,10.58,238.00
59.4560361,25.2063236,3529000,244.8,10.83,237.00
59.4559645,25.2059766,3531000,243.9,10.61,247.90
59.4558605,25.2056395,3533000,244.6,11.17,238.70
59.4557555,25.2051393,3536000,243.7,10.28,255.10
59.4556619,25.2047695,3538000,244.6,11.72,243.50
59.454752,25.2012667,3559000,240.4,9.69,254.10
59.4546849,25.2009166,3561000,236.9,10.61,249.30
59.4546374,25.2005691,3563000,234.7,10.19,254.90
59.4545975,25.2002202,3565000,233.8,10.14,257.30
59.4545362,25.1999074,3567000,230.7,9.50,248.90
59.4544935,25.1995804,3569000,226.6,9.58,255.60
59.4544439,25.1992226,3571000,222.4,10.53,254.70
59.4543849,25.1988747,3573000,218.3,10.39,251.50
59.4543505,25.1985174,3575000,215.8,10.31,259.30
59.4542893,25.1981672,3577000,216.4,10.50,251.00
59.4542449,25.1978253,3579000,214,10.00,255.70
59.4542158,25.1974733,3581000,211.3,10.11,260.80
59.4541544,25.197128,3583000,210.3,10.36,250.70
59.4540754,25.1964545,3586000,205.4,9.94,255.70
59.4540116,25.1961165,3588000,204.7,10.22,249.60
59.4539815,25.195788,3590000,204.6,9.47,259.80
59.4539039,25.1954736,3592000,203.2,9.92,244.10
59.4538303,25.1951591,3594000,201.8,9.81,245.30
59.4537714,25.194851,3596000,200.6,9.33,249.40
59.4536758,25.1945597,3598000,197.8,9.83,237.10
59.4535397,25.1942736,3600000,196,11.11,226.90
59.4533943,25.1939983,3602000,193.7,11.25,223.90
59.4532671,25.193731,3604000,192.8,10.39,226.90
59.4531681,25.1934475,3606000,189.9,9.75,235.50
59.4530729,25.1931496,3608000,185.4,9.97,237.80
59.4529764,25.1928324,3610000,182.2,10.47,239.10
59.4528495,25.1925526,3612000,180.3,10.64,228.30
59.4526877,25.1923158,3614000,177.2,11.25,216.60
59.4525338,25.1920551,3616000,173.7,11.33,220.70
59.4524673,25.1917197,3618000,171.6,10.19,248.70
59.4524988,25.1913995,3620000,168.8,9.25,281.00
59.4526018,25.191162,3622000,166.2,8.86,310.50
59.4527452,25.1909956,3624000,163.9,9.28,329.50
59.4528613,25.1907693,3626000,162,9.11,315.30
59.452924,25.1904663,3628000,158.8,9.28,292.20
59.4529271,25.1901368,3630000,158.2,9.33,271.10
59.4529022,25.1898373,3632000,155.7,8.61,260.70
59.4529484,25.1895711,3634000,152.8,7.97,288.90
59.4530849,25.1893719,3636000,148.5,9.47,323.40
59.4533372,25.1889753,3641000,142.1,9.19,305.50
59.4532921,25.1886033,3643000,138.6,10.83,256.60
59.4531891,25.1882937,3645000,139,10.50,236.80
59.453098,25.188008,3647000,138.5,9.56,237.90
59.4529896,25.1877158,3649000,135.6,10.25,233.90
59.4528482,25.1874364,3651000,134.6,11.17,225.10
59.452739,25.1871477,3653000,134.2,10.19,233.30
59.4526331,25.1868757,3655000,133.8,9.72,232.50
59.4524674,25.186652,3657000,130.9,11.19,214.50
59.4522887,25.186436,3659000,129.9,11.69,211.60
59.4521595,25.1861728,3661000,129.3,10.36,226.00
59.4520705,25.185881,3663000,127.5,9.64,239.00
59.4519624,25.1855874,3665000,126.2,10.28,234.10
59.4518165,25.1853367,3667000,124.9,10.81,221.10
59.4516414,25.1851295,3669000,124.2,11.39,211.00
59.4514853,25.1848889,3671000,122.5,11.06,218.10
59.4513674,25.1846125,3673000,121.1,10.22,230.00
59.4512613,25.1843084,3675000,119.5,10.44,235.50
59.451176,25.1839832,3677000,118.7,10.36,242.70
59.4510898,25.1836651,3679000,116.7,10.22,241.90
59.4509926,25.183342,3681000,115.8,10.64,239.40
59.4509022,25.1830251,3683000,114.9,10.31,240.70
59.4508069,25.1827088,3685000,115.4,10.42,239.30
59.4507071,25.1824005,3687000,114.4,10.36,237.50
59.4506146,25.1820863,3689000,112.3,10.31,239.90
59.4505134,25.1817864,3691000,111.7,10.19,236.40
59.4504631,25.1814686,3693000,110.8,9.44,252.70
59.4504585,25.1811434,3695000,109.3,9.22,268.40
59.4504674,25.1808255,3697000,108.4,9.03,273.20
59.4504067,25.1805064,3699000,106.6,9.67,249.50
59.4502411,25.1802374,3701000,104.5,11.97,219.50
59.4500786,25.1799878,3703000,105.1,11.50,218.00
59.4499909,25.1796977,3705000,103.6,9.56,239.30
59.449988,25.1793687,3707000,100.8,9.33,269.00
59.4500341,25.1790533,3709000,99.8,9.31,286.00
59.4500874,25.178771,3711000,97.4,8.53,290.40
59.4500945,25.1784403,3713000,94.8,9.39,272.40
59.4500999,25.1781075,3715000,94.1,9.44,271.80
59.4500864,25.1777767,3717000,93.4,9.42,265.40
59.450064,25.17745,3719000,92.1,9.36,262.30
59.4500984,25.1771322,3721000,91.2,9.22,282.00
59.4501441,25.1768188,3723000,90.3,9.25,286.00
59.4501816,25.1764997,3725000,90.3,9.28,283.00
59.4502045,25.1761706,3727000,88.7,9.42,277.80
59.4502145,25.1758321,3729000,88.9,9.61,273.30
59.450223,25.1754951,3731000,88.9,9.58,272.80
59.450216,25.1751571,3733000,90,9.58,267.70
59.4501328,25.1744972,3736000,90.3,9.67,253.10
59.4500548,25.174164,3738000,91.2,10.39,245.30
59.4499477,25.173838,3740000,91.6,11.00,237.10
59.4498394,25.1735063,3742000,92.9,11.17,237.30
59.4497214,25.1731781,3744000,95.2,11.39,234.70
59.4496157,25.1728512,3746000,96.7,10.97,237.50
59.4495165,25.1725191,3748000,98.3,10.92,239.60
59.4494148,25.1721836,3750000,101.4,11.08,239.20
59.4493308,25.1718557,3752000,103.2,10.42,243.30
59.4492461,25.1715384,3754000,103.7,10.17,242.30
59.4491445,25.1712111,3756000,104.2,10.86,238.60
59.4490571,25.1708681,3758000,105.4,10.89,243.40
59.4489602,25.1705429,3760000,106.4,10.69,239.60
59.4488658,25.1702258,3762000,106.8,10.42,239.60
59.4486878,25.1695418,3767000,108.1,11.17,240.70
59.4485905,25.169214,3769000,109.1,10.75,239.70
59.4485072,25.168885,3771000,110,10.42,243.50
59.4484074,25.1685533,3773000,110.9,10.92,239.40
59.4483171,25.1682184,3775000,112.4,10.75,242.10
59.4482373,25.1678898,3777000,112.8,10.33,244.50
59.4481544,25.1675525,3779000,113.8,10.61,244.20
59.4480744,25.1672165,3781000,115.1,10.53,244.90
59.4480004,25.1668814,3783000,114.8,10.36,246.50
59.4479307,25.1665339,3785000,116.3,10.58,248.50
59.4478885,25.1661966,3787000,117.2,9.86,256.20
59.4478409,25.1658491,3789000,115.7,10.19,254.90
59.4477928,25.1654987,3791000,115.9,10.31,254.90
59.4477721,25.1651293,3793000,117,10.53,263.70
59.4477255,25.1647755,3795000,118.9,10.36,255.50
59.4476919,25.1644308,3797000,119.4,9.94,259.10
59.4476698,25.1640803,3799000,120.6,10.03,262.90
59.4476237,25.1637286,3801000,120,10.31,255.50
59.4476003,25.1633726,3803000,120.7,10.19,262.60
59.4475711,25.1630235,3805000,121.7,10.03,260.70
59.4475153,25.1626717,3807000,121.9,10.44,252.70
59.4474894,25.1623188,3809000,122.2,10.11,261.80
59.4474558,25.1619581,3811000,122.9,10.39,259.60
59.4474101,25.1616212,3813000,123.6,9.89,255.10
59.4473973,25.1612712,3815000,123.4,9.94,265.90
59.4473715,25.160925,3817000,124.1,9.92,261.70
59.4473394,25.1605895,3819000,124.8,9.69,259.30
59.4473281,25.1602496,3821000,125.1,9.67,266.30
59.4472927,25.1599111,3823000,125.5,9.81,258.40
59.4472685,25.159574,3825000,125.4,9.67,262.00
59.4472592,25.1592211,3827000,125.8,10.03,267.00
59.4472337,25.1588793,3829000,126.7,9.81,261.70
59.4472355,25.1585446,3831000,126.7,9.50,270.60
59.4472176,25.1582035,3833000,128.3,9.72,264.10
59.4471818,25.1578686,3835000,128.5,9.69,258.10
59.447167,25.1575378,3837000,128.8,9.42,265.00
59.4471161,25.1571937,3839000,128.7,10.17,253.80
59.4470682,25.1568561,3841000,129.8,9.94,254.40
59.4470409,25.156526,3843000,131,9.47,260.80
59.4469939,25.1561902,3845000,130.6,9.89,254.60
59.446959,25.1558483,3847000,131,9.89,258.60
59.44693,25.1555081,3849000,131.9,9.78,260.50
59.4468819,25.1551785,3851000,132.2,9.72,254.00
59.4468504,25.154842,3853000,132.7,9.69,259.60
59.4468238,25.154506,3855000,133.4,9.64,261.10
59.4467829,25.1541749,3857000,133.5,9.67,256.30
59.4467646,25.1538257,3859000,134,9.94,264.10
59.4467329,25.1534793,3861000,134,9.97,259.80
59.4466936,25.1531426,3863000,134.4,9.81,257.10
59.4466701,25.1528077,3865000,134.6,9.58,262.10
59.4465825,25.1521255,3868000,134.9,9.78,257.70
59.4465576,25.1517914,3870000,135.2,9.58,261.70
59.4465062,25.1514493,3872000,136.1,10.11,253.50
59.4464697,25.151114,3874000,135.9,9.72,257.90
59.4464235,25.1507709,3876000,135.9,10.06,255.20
59.4463612,25.1504266,3878000,136.6,10.36,250.40
59.4463163,25.1500831,3880000,136.2,10.06,255.60
59.4462707,25.1497365,3882000,137.4,10.17,255.50
59.4462158,25.1493975,3884000,136.8,10.08,252.30
59.4461846,25.1490569,3886000,136.3,9.81,259.80
59.4461506,25.1487064,3888000,136.4,10.11,259.20
59.4460885,25.147999,3893000,137,10.28,263.20
59.4460606,25.1476423,3895000,138.1,10.25,261.30
59.4460425,25.1472935,3897000,138,9.94,264.20
59.4460432,25.1469407,3899000,138.6,10.00,270.20
59.4460274,25.1465888,3901000,139.3,10.03,265.00
59.44603,25.1462445,3903000,139.4,9.78,270.90
59.4460416,25.1458916,3905000,139.3,10.03,273.70
59.4460287,25.1455333,3907000,138.7,10.19,265.90
59.4460368,25.145197,3909000,139.3,9.56,272.70
59.4460304,25.1448427,3911000,139.1,10.06,268.00
59.4460217,25.1444961,3913000,138.9,9.83,267.20
59.4460411,25.1441675,3915000,139.1,9.39,276.60
59.446034,25.1438168,3917000,139.1,9.94,267.70
59.446039,25.1434693,3919000,139.8,9.86,271.60
59.4460517,25.143106,3921000,139.6,10.33,273.90
59.4460332,25.1427556,3923000,140,10.00,264.10
59.4460379,25.1424056,3925000,139.1,9.94,271.50
59.4460382,25.1420375,3927000,139.6,10.44,270.10
59.4460192,25.1416848,3929000,139.6,10.06,264.00
59.4460281,25.1413501,3931000,138.8,9.50,273.00
59.4460208,25.1409907,3933000,138.1,10.19,267.70
59.4460023,25.1406276,3935000,138.3,10.36,264.30
59.446005,25.1402651,3937000,137.6,10.28,270.80
59.4459731,25.1399023,3939000,136.4,10.44,260.20
59.4459615,25.1395451,3941000,136.5,10.14,266.30
59.4459548,25.1391809,3943000,136.1,10.33,267.90
59.4459134,25.1388167,3945000,136.1,10.58,257.40
59.4459049,25.1384598,3947000,135.1,10.14,267.30
59.445895,25.1380949,3949000,134.1,10.36,266.90
59.4458581,25.1377298,3951000,133.3,10.56,258.80
59.4458548,25.137382,3953000,131.5,9.86,268.90
59.4458266,25.1370048,3955000,132.1,10.81,261.60
59.4457856,25.1362925,3958000,133.1,9.78,268.20
59.4457565,25.135938,3960000,134.4,10.19,260.80
59.445736,25.1355917,3962000,133.2,9.89,263.40
59.4457334,25.1352411,3964000,132.4,9.94,269.20
59.4457057,25.1348862,3966000,134.3,10.19,261.30
59.4456963,25.1345356,3968000,134.4,9.97,267.00
59.4456962,25.1341602,3970000,134.2,10.64,270.00
59.4456665,25.1337918,3972000,135,10.58,261.00
59.4456648,25.1334234,3974000,134.7,10.44,269.50
59.4456548,25.133057,3976000,135,10.42,266.90
59.4456304,25.1326967,3978000,134.8,10.31,262.40
59.4456331,25.1323358,3980000,136.2,10.25,270.80
59.4456129,25.1319697,3982000,136.4,10.44,263.80
59.4456009,25.1316109,3984000,137.7,10.19,266.20
59.4456068,25.1312649,3986000,136.9,9.83,271.90
59.4455845,25.1309032,3988000,136.8,10.33,263.10
59.445577,25.1305554,3990000,136.4,9.86,267.60
59.4455796,25.1302106,3992000,135.8,9.78,270.80
59.4455482,25.1298637,3994000,135.9,10.00,259.90
59.4455421,25.1295312,3996000,136.2,9.44,267.90
59.4455057,25.1291885,3998000,135.2,9.92,258.20
59.4453461,25.1288803,4000000,133,12.47,224.50
59.4451163,25.1286838,4002000,133.9,13.97,203.50
59.4449276,25.1284723,4004000,135.1,12.11,209.70
59.4447851,25.128192,4006000,133.8,11.22,225.00
59.4446413,25.1278673,4008000,133.4,12.19,228.90
59.4444997,25.1275482,4010000,133,12.00,228.90
59.4443856,25.1272293,4012000,132.9,11.06,234.90
59.4442708,25.1269163,4014000,131.7,10.94,234.20
59.4438881,25.1264469,4019000,129.3,13.53,201.70
59.4436428,25.1263528,4021000,129.3,13.92,191.00
59.4434213,25.126217,4023000,130,12.92,197.30
59.4431871,25.1260923,4025000,129.8,13.53,195.10
59.4429472,25.1259793,4027000,128.1,13.75,193.50
59.4427201,25.1258101,4029000,128.5,13.53,200.70
59.4425273,25.1256102,4031000,129,12.14,207.80
59.4424052,25.1252951,4033000,127.1,11.22,232.70
59.4424472,25.1249054,4035000,123.8,11.31,282.00
59.4425642,25.1246199,4037000,126.6,10.39,308.90
59.4426689,25.124356,4039000,128.2,9.50,308.00
59.4427602,25.1240558,4041000,125.9,9.92,300.90
59.4429132,25.1238376,4043000,125.1,10.53,324.10
59.4430788,25.1236975,4045000,127,10.06,336.70
59.4432331,25.1235898,4047000,126.4,9.11,340.50
59.4434017,25.1234858,4049000,124,9.83,342.60
59.4435863,25.1233987,4051000,124,10.58,346.50
59.4437653,25.1233339,4053000,124.1,10.14,349.60
59.4439384,25.1232653,4055000,122.8,9.83,348.60
59.4441139,25.1231852,4057000,121.8,10.03,346.90
59.4442955,25.1230968,4059000,121.6,10.42,346.10
59.4444686,25.1230056,4061000,121.1,9.97,345.00
59.444637,25.1228982,4063000,120.4,9.86,342.00
59.444809,25.1227911,4065000,119.7,10.06,342.40
59.4449811,25.1226857,4067000,119.4,10.03,342.70
59.4451569,25.1225917,4069000,118.1,10.14,344.80
59.4453455,25.1225545,4071000,117.2,10.56,354.30
59.4455206,25.1225087,4073000,116.6,9.83,352.40
59.4457023,25.122517,4075000,116.6,10.11,1.30
59.4458944,25.1226588,4077000,116.2,11.44,20.60
59.4460778,25.122849,4079000,115.8,11.56,27.80
59.4462666,25.1230365,4081000,115.5,11.78,26.80
59.4464587,25.1232652,4083000,115.4,12.50,31.20
59.4466453,25.1235346,4085000,115.5,12.89,36.30
59.4468346,25.1237674,4087000,114.8,12.44,32.00
59.4470329,25.1239852,4089000,113.8,12.67,29.20
59.4472337,25.1241972,4091000,114.4,12.69,28.20
59.4474305,25.1244016,4093000,115.7,12.39,27.80
59.4476286,25.1246099,4095000,115.1,12.53,28.10
59.4478346,25.1248101,4097000,114.8,12.81,26.30
59.4480367,25.1250256,4099000,113.9,12.81,28.50
59.4482315,25.1252584,4101000,114.7,12.69,31.30
59.4484235,25.1254651,4103000,112.9,12.19,28.70
59.4486289,25.1256805,4105000,111.5,12.97,28.10
59.4488289,25.1258857,4107000,111,12.56,27.50
59.449026,25.1260108,4109000,110.5,11.53,17.90
59.4491935,25.1259082,4111000,108.3,9.78,342.70
59.4492928,25.1255662,4113000,104.3,11.17,299.70
59.4493616,25.1252114,4115000,105.8,10.78,290.90
59.4493867,25.1248862,4117000,104.8,9.33,278.60
59.4493806,25.1245256,4119000,102.1,10.22,268.10
59.4493604,25.1241567,4121000,99.9,10.53,263.90
59.4493779,25.123498,4124000,97.1,9.00,287.30
59.4495475,25.1233378,4126000,93.9,10.47,334.40
59.44975,25.1233321,4128000,94.6,11.28,359.20
59.4498821,25.1231302,4130000,90.6,9.33,322.20
59.4498693,25.1227538,4132000,87.3,10.69,266.20
59.4496685,25.1225154,4134000,82.6,13.08,211.10
59.4493702,25.1226804,4136000,78.9,17.25,164.30
59.4491603,25.1231273,4138000,79.1,17.25,132.70
59.449011,25.1236017,4140000,78.4,15.81,121.80
59.4486397,25.124448,4145000,74.6,16.11,130.20
59.4484475,25.1248705,4147000,74.9,16.06,131.80
59.4483147,25.1253752,4149000,74.3,16.11,117.40
59.4483287,25.1259534,4151000,73,16.42,87.30
59.4484779,25.1264398,4153000,73.5,16.11,58.90
59.4486474,25.1268123,4155000,77.9,14.17,48.20
59.4488032,25.1271773,4157000,78.1,13.50,50.00
59.4489857,25.1275245,4159000,75.1,14.17,44.00
59.4491758,25.1278687,4161000,76.2,14.39,42.60
59.4493528,25.1281971,4163000,78.3,13.56,43.30
59.4495261,25.1285261,4165000,78.8,13.42,44.00
59.449696,25.1288993,4167000,79,14.19,48.20
59.4498695,25.1292185,4169000,77.1,13.25,43.10
59.4500565,25.1295116,4171000,76.4,13.33,38.50
59.4502358,25.1298624,4173000,76.8,14.11,44.80
59.4504168,25.1302139,4175000,78.4,14.17,44.60
59.4505978,25.1305453,4177000,79.8,13.78,42.90
59.4507803,25.1308245,4179000,79.9,12.89,37.90
59.4509701,25.1310984,4181000,80.1,13.11,36.30
59.4511565,25.1314006,4183000,81.5,13.47,39.50
59.4513376,25.1317126,4185000,80.9,13.42,41.20
59.451527,25.1320259,4187000,80.4,13.81,40.10
59.451699,25.1323567,4189000,79.4,13.42,44.30
59.4518768,25.1326837,4191000,79.2,13.56,43.10
59.4520631,25.1330127,4193000,78.4,13.94,41.90
59.4522392,25.133387,4195000,77.8,14.44,47.20
59.4524173,25.1337206,4197000,74.6,13.72,43.60
59.4525984,25.1340545,4199000,72.9,13.83,43.10
59.4527778,25.1344117,4201000,72.8,14.22,45.30
59.4529645,25.1347374,4203000,72.6,13.92,41.60
59.4531417,25.1350704,4205000,71.6,13.67,43.70
59.4534945,25.1357223,4208000,69.3,13.42,41.40
59.4536729,25.1360504,4210000,68.4,13.61,43.10
59.4538557,25.1363628,4212000,67.7,13.50,41.00
59.4540441,25.1366675,4214000,67.7,13.58,39.40
59.4542169,25.1370054,4216000,65.9,13.58,44.80
59.4544031,25.1373163,4218000,65,13.61,40.30
59.4545884,25.1376212,4220000,64.8,13.47,39.90
59.4547438,25.1379444,4222000,46.1,12.61,46.60
59.4549295,25.138225,4224000,38,13.06,37.50
59.4551138,25.1385143,4226000,35.2,13.14,38.60
59.4552724,25.1388778,4228000,32.7,13.58,49.40
59.4554682,25.1391196,4230000,31.3,12.89,32.10
59.4556698,25.1393807,4232000,30.1,13.44,33.40
59.4558812,25.1396273,4234000,29.8,13.69,30.70
59.4560897,25.1398639,4236000,30.3,13.42,30.00
59.4562904,25.1401232,4238000,30.8,13.39,33.30
59.4564961,25.1403793,4240000,31.2,13.56,32.30
59.4566972,25.1406549,4242000,31.6,13.67,34.90
59.4568883,25.1409362,4244000,32.8,13.31,36.80
59.4570818,25.1412038,4246000,33.7,13.19,35.10
59.4572504,25.1415358,4248000,34.7,13.31,45.00
59.457361,25.1419906,4250000,34.4,14.31,64.40
59.4568813,25.1431769,4256000,33.5,15.83,163.40
59.4566476,25.1430174,4258000,34.2,13.78,199.10
59.4564857,25.1427751,4260000,35.1,11.33,217.30
59.4563242,25.142534,4262000,33.3,11.31,217.20
59.4561518,25.1422567,4264000,31.9,12.42,219.30
59.4560061,25.1419603,4266000,32.2,11.69,226.00
59.4556477,25.141498,4271000,29,12.67,209.00
59.4554493,25.141296,4273000,29,12.44,207.40
59.4552835,25.1410522,4275000,28.5,11.53,216.80
59.455166,25.1407029,4277000,29,11.86,236.50
59.4551531,25.1403089,4279000,29.9,11.19,266.30
59.4552489,25.1399706,4281000,30.9,10.97,299.10
59.4554278,25.1397949,4283000,31.2,11.14,333.50
59.4556424,25.1397547,4285000,31.4,12.00,354.60
59.4558625,25.1398185,4287000,32.4,12.39,8.40
59.4560705,25.1399661,4289000,32.8,12.31,19.80
59.4562794,25.1401251,4291000,32.6,12.47,21.10
59.4564929,25.1402504,4293000,32,12.42,16.60
59.4567167,25.1403117,4295000,32.8,12.58,7.90
59.4570632,25.1395088,4301000,33.9,11.03,273.00
59.4569496,25.1391381,4303000,34.3,12.28,238.90
59.4567779,25.1388524,4305000,36.6,12.53,220.20
59.4566777,25.1385496,4307000,35.7,10.25,236.90
59.4565727,25.1381964,4309000,33.9,11.61,239.70
59.4563985,25.1379092,4311000,33.9,12.67,220.00
59.4562428,25.1376487,4313000,34.4,11.39,220.40
59.4560456,25.137443,4315000,33.3,12.44,207.90
59.4557841,25.1374829,4317000,32.2,14.61,175.60
59.4555628,25.1377943,4319000,32.8,15.17,144.40
59.4554654,25.1383332,4321000,33.7,16.22,109.60
59.4554476,25.1388636,4323000,36.7,15.08,93.80
59.4554382,25.1393531,4325000,36.1,13.89,92.20
59.4554655,25.1398799,4327000,31.7,15.03,84.20
59.4555288,25.1404222,4329000,32.3,15.78,77.10
59.4555775,25.1409244,4331000,32.8,14.50,79.20
59.4557397,25.1419028,4334000,30.9,15.00,69.20
59.4558654,25.1423083,4336000,30.3,13.47,58.60
59.4560269,25.142649,4338000,29.2,13.19,47.00
59.456244,25.1427981,4340000,27.2,12.81,19.20
59.4564323,25.142582,4342000,26.3,12.14,329.70
59.4564703,25.1421851,4344000,26.6,11.44,280.70
59.4563364,25.1418401,4346000,27.8,12.31,232.60
59.4561678,25.141596,4348000,27.8,11.67,216.30
59.4560174,25.141321,4350000,27.5,11.44,222.90
59.4559089,25.1409724,4352000,27.3,11.58,238.50
59.4558618,25.140575,4354000,27.7,11.58,256.90
59.4558789,25.140183,4356000,27.5,11.17,274.90
59.4559317,25.139829,4358000,27,10.47,286.40
59.4559684,25.1394733,4360000,24,10.28,281.50