latitude(deg),longitude(deg),time(ms),elevation(m),velocity(m/s),bearing(deg)
58.98627,23.249663,252000,5.247,0.01982108271,161.0426262
58.986282,23.249624,285000,5.549,0.07888598806,300.844761
58.986283,23.249627,299000,5.698,0.01462625198,57.09941016
58.98628,23.249629,333000,5.698,0.01037691964,161.0426317
58.986365,23.24943,355000,5.219,2.422281759,308.3083745
58.986675,23.248781,361000,4.903,8.452810447,312.8326322
58.98696,23.248491,364000,8.07,11.93061431,332.333248
58.987288,23.248826,367000,12.884,13.74171002,27.75438933
58.987343,23.249039,368000,15.911,13.6535118,63.38132204
58.987377,23.249267,369000,20.089,13.60221257,73.8578104
58.987348,23.250016,372000,22.206,14.34793587,94.29726496
58.987207,23.250498,374000,27.559,15.88178885,119.586395
58.987127,23.250707,375000,31.147,14.92076305,126.6093355
58.986769,23.251442,379000,33.855,14.49079612,133.3904607
58.986256,23.252003,383000,38.203,16.37328876,150.6007001
58.986037,23.252288,385000,40.561,14.66378334,146.1570479
58.98541,23.253012,390000,43.78,16.22972835,149.2485838
58.985168,23.25328,392000,48.004,15.49528069,150.2900933
58.984935,23.253519,394000,50.454,14.65638771,152.1420918
58.984811,23.253658,395000,49.98,15.92738016,149.9894367
58.984166,23.25361,400000,52.761,14.35873178,182.1959905
58.984059,23.252736,404000,55.985,12.87131626,256.6351416
58.984054,23.252392,406000,64.993,9.861633894,268.3843807
58.984038,23.252213,407000,56.656,10.41211396,260.1588656
58.983983,23.251802,409000,59.09,12.16839201,255.4418067
58.983882,23.251403,411000,58.238,12.73901861,243.837386
58.983689,23.251099,413000,56.505,13.82372255,219.0640798
58.983292,23.251081,416000,60.19,14.72295761,181.3383684
58.98303,23.251312,418000,55.542,16.00389025,155.5666269
58.982915,23.251521,419000,52.252,17.52421453,136.878377
58.982867,23.252155,421000,50.15,18.36366519,98.35813161
58.983005,23.25261,423000,53.511,15.12991634,59.51914736
58.983089,23.252744,424000,57.718,12.09443025,39.42058876
58.983173,23.252843,425000,61.3,10.931002,31.27054224
58.983366,23.252992,427000,62.002,11.55145785,21.69325599
58.983601,23.253067,429000,59.579,13.24463072,9.338823751
58.98404,23.253229,433000,63.495,12.42580536,10.7661328
58.984716,23.253674,439000,63.849,13.23276463,18.73649747
58.984992,23.254051,442000,73.019,12.51321003,35.13855046
58.985084,23.254176,443000,73.162,12.49123664,34.9952003
58.985177,23.254316,444000,73.955,13.09103755,37.79927726
58.985798,23.254213,450000,80.593,11.55388007,355.1153582
58.986083,23.254284,453000,84.312,10.6531871,7.314466076
58.986648,23.254659,458000,86.972,13.28317814,18.8792348
58.986856,23.254859,460000,89.186,12.90928355,26.35462533
58.987237,23.255482,464000,90.461,13.85300636,40.11360197
58.987416,23.255745,466000,93.052,12.48543466,37.12599036
58.987845,23.25553,470000,95.616,12.32027388,345.521873
58.987896,23.255288,472000,98.656,7.491664572,292.2464768
58.987438,23.254736,474000,100.681,29.98207776,211.8391505
58.986856,23.254118,480000,104.658,12.29806814,208.6833458
58.986661,23.253906,482000,107.595,12.43002636,209.2556418
58.986491,23.253649,484000,108.805,11.98383563,217.915847
58.986191,23.252639,490000,112.963,11.13514345,240.0376135
58.986158,23.252272,492000,113.953,10.67509482,260.100845
58.986156,23.251899,494000,118.039,10.68866794,269.4039293
58.986195,23.251541,496000,119.104,10.48504826,281.9384166
58.986267,23.251217,498000,120.884,10.11068285,293.3304376
58.98636,23.250907,500000,122.763,10.27882904,300.2102258
58.986629,23.250367,504000,123.461,10.76127466,314.0339637
58.98698,23.249963,508000,121.604,11.34731183,329.3307673
58.987416,23.249763,512000,125.177,12.45766524,346.7025893
58.987522,23.249758,513000,126.628,11.79346437,358.6078116
58.987859,23.249772,516000,122.795,12.4972777,1.22615936
58.988455,23.24923,520000,113.748,18.30159289,334.8955134
58.988415,23.248955,521000,109.714,16.37486436,254.2346676
58.988379,23.248703,522000,111.07,14.98572891,254.5025547
58.988351,23.248505,523000,114.144,11.76606007,254.6516691
58.987649,23.247103,528000,111.073,22.40674308,225.8185501
58.987513,23.247107,529000,109.381,15.12850742,179.131825
58.987203,23.247101,532000,114.723,11.49395117,180.5713451
58.987089,23.24707,533000,114.433,12.80363939,187.9756084
58.986974,23.247039,534000,113.658,12.91379982,187.9071624
58.986733,23.246975,536000,111.03,13.52764063,187.7911897
58.986561,23.246984,538000,114.186,9.568933642,178.4556692
58.985997,23.246826,542000,110.58,63.38172654,188.2134833
58.98594,23.246876,543000,110.261,6.957378924,155.6783467
58.985419,23.246177,549000,106.372,11.74122371,214.6559625
58.985248,23.245894,551000,105.778,12.49797244,220.4555449
58.984909,23.245153,556000,105.936,11.35813021,228.3991051
58.984214,23.243501,567000,102.797,11.11162625,230.7700692
58.984079,23.243185,569000,101.072,11.76288288,230.3379754
58.983914,23.242682,572000,105.217,11.39136671,237.5188969
58.983832,23.242348,574000,99.902,10.60207702,244.5243022
58.983696,23.241664,578000,103.548,10.50479328,248.9002894
58.983609,23.241337,580000,104.824,10.54604093,242.6915489
58.983568,23.241179,581000,105.661,10.13891255,243.2705208
58.983459,23.240874,583000,101.293,10.63663282,235.256787
58.983346,23.240543,585000,99.843,11.37823936,236.4747014
58.98331,23.240355,586000,99.461,11.49488806,249.6141804
58.983211,23.239828,589000,101.249,10.7162853,249.9701755
58.983075,23.238989,594000,99.71,10.08188405,252.5380563
58.983034,23.238807,595000,96.58,11.38440969,246.3861323
58.983008,23.238618,596000,98.619,11.211723,255.0525829
58.982998,23.238426,597000,100.759,11.06036335,264.2284948
58.982966,23.237709,601000,102.538,10.31200935,265.0501721
58.98296,23.237539,602000,102.911,9.766225572,266.081815
58.982891,23.236988,605000,97.831,10.83309083,256.3409812
58.982822,23.236609,607000,97.052,11.51900414,250.5414039
58.982791,23.236427,608000,96.373,10.98631099,251.7088932
58.982708,23.236082,610000,88.4,10.91119358,244.9733773
58.982663,23.235906,611000,87.942,11.26085,243.6102348
58.982566,23.235342,614000,78.699,11.3594704,251.5433034
58.982487,23.234963,616000,76.005,11.71610387,247.9763869
58.982452,23.234334,619000,72.772,12.08688784,263.8371573
58.982418,23.23377,622000,75.658,10.84870103,263.3276892
58.982419,23.233599,623000,75.834,9.801497672,270.6502731
58.982434,23.233428,624000,75.849,9.941854892,279.6608845
58.982503,23.232456,629000,69.37,11.24724997,277.8441
58.982519,23.232015,631000,66.121,12.66921169,274.0276193
58.982518,23.231383,634000,69.234,12.0743838,269.824339
58.982513,23.231183,635000,68.903,11.4764521,267.2225323
58.98247,23.229927,641000,66.429,12.02436704,266.1994886
58.982494,23.229056,645000,69.48,12.49815023,273.0612232
58.982513,23.228837,646000,68.278,12.7286147,279.5570175
58.982574,23.227975,650000,70.301,12.46726461,277.8198448
58.98258,23.227406,653000,74.22,10.87297256,271.1725524
58.982704,23.226646,657000,71.794,11.42261494,287.5695915
58.982792,23.226257,659000,72.519,12.17461213,293.7022069
58.982861,23.225724,662000,75.358,10.49927427,284.1026087
58.983049,23.224638,668000,74.419,10.94361536,288.5702035
58.98321,23.223772,673000,76.77,10.55307997,289.8393671
58.983379,23.223059,677000,71.823,11.2451339,294.7022016
58.983568,23.222393,681000,76.371,10.89412474,298.8432421
58.983675,23.222115,683000,79.78,9.943588218,306.7581106
58.983893,23.220934,690000,80.63,10.27119383,289.7095874
58.983835,23.22057,692000,83.669,10.91823225,252.8168978
58.983684,23.219806,696000,82.306,11.72437534,249.0152411
58.98293,23.218145,706000,87.862,12.68695664,228.6222337
58.982642,23.217746,709000,90.144,13.11949017,215.5231777
58.982386,23.217313,712000,89.967,12.59040231,221.0749751
58.98188,23.216661,717000,92.544,13.5114576,213.5840537
58.981775,23.216554,718000,93.335,13.19108538,207.7051483
58.981111,23.216419,723000,88.811,14.8516942,185.9811448
58.98043,23.217483,728000,89.776,19.44903074,141.160294
58.98034,23.218522,731000,85.117,20.12975573,99.54117107
58.980385,23.218847,732000,85.625,19.28918006,74.96057427
58.980823,23.219394,736000,82.383,14.48353374,32.76396367
58.981105,23.219071,739000,85.663,12.14067743,329.449094
58.981137,23.218866,740000,85.742,12.27726135,286.8523599
58.981003,23.218096,744000,87.161,11.64574431,251.340306
58.980562,23.217599,748000,85.213,14.18071545,210.1466781
58.979616,23.21713,755000,87.336,15.51426477,194.3320541
58.978781,23.217015,761000,91.18,15.5179269,184.0598803
58.977404,23.216903,771000,95.216,15.32930528,182.4003623
58.976747,23.216752,776000,98.267,14.7173032,186.75535
58.976488,23.216682,778000,99.383,14.54286592,187.929964
58.975697,23.216516,784000,102.074,14.74885094,186.1732656
58.975035,23.216426,789000,104.055,14.76246409,184.0082242
58.974501,23.216355,793000,107.795,14.88353069,183.9203253
58.973987,23.216326,797000,110.172,14.29861589,181.6657218
58.973061,23.216279,804000,113.916,14.71867889,181.4986128
58.972,23.216298,812000,115.679,14.75201052,179.4711398
58.971611,23.216315,815000,118.969,14.42599657,178.7095364
58.971481,23.216324,816000,118.541,14.4686172,177.9562092
58.971082,23.216469,819000,120.142,15.05040467,169.3899505
58.969482,23.217288,831000,121.408,15.33774527,165.2183283
58.969211,23.217441,833000,122.763,15.69646723,163.7729937
58.967805,23.218658,844000,126.123,15.56785032,155.9524582
58.966922,23.219554,851000,127.929,15.83416284,152.3848259
58.96667,23.219775,853000,129.268,15.38029972,155.6714289
58.965378,23.220745,863000,128.18,15.40932851,158.8402199
58.96458,23.220983,869000,127.002,14.96694974,171.2583297
58.964321,23.220958,871000,125.071,14.42162524,182.8490092
58.964062,23.220897,873000,121.699,14.50960272,186.9234739
58.963932,23.220858,874000,119.819,14.63135246,188.7924514
58.963585,23.220595,877000,122.271,13.81255669,201.3442358
58.963357,23.220406,879000,121.31,13.78932162,203.1415752
58.963237,23.22033,880000,122.658,14.04071637,198.0838849
58.962867,23.219775,884000,118.56,13.00632382,217.7181055
58.962781,23.219624,885000,118.845,12.90289595,222.1542103
58.962696,23.219477,886000,119.01,12.66686229,221.7227096
58.962406,23.218579,891000,117.331,12.15323166,237.9398185
58.962355,23.218396,892000,118.1,11.92968594,241.6083139
58.962287,23.217602,896000,116.314,11.53963357,260.5695155
58.962498,23.216467,902000,116.198,11.53200245,289.8275787
58.962931,23.215567,908000,115.92,11.76551164,313.0188224
58.963332,23.214915,913000,115.505,11.6401874,320.0266656
58.96382,23.213982,919000,114.032,12.70262435,315.4119813
58.964043,23.213319,923000,112.191,11.34887129,303.1197091
58.964253,23.212316,928000,110.122,12.41584342,292.1022286
58.964317,23.211327,933000,112.288,11.43187369,277.1544669
58.964328,23.210751,936000,110.714,11.01781214,272.1215621
58.964378,23.210147,939000,110.784,11.6933485,279.1219622
58.964342,23.208985,945000,108.079,11.1258576,266.5616855
58.964254,23.208193,949000,106.076,11.6150223,257.8385142
58.964243,23.20705,955000,102.063,10.92617032,268.9311181
58.964251,23.206855,956000,102.013,11.21766791,274.5496901
58.96424,23.206464,958000,100.37,11.22767244,266.8768365
58.964222,23.206273,959000,100.304,11.13442006,259.6414279
58.964176,23.20528,964000,95.039,11.43465859,264.866188
58.964161,23.205081,965000,95.525,11.53304301,261.6823746
58.964113,23.203375,974000,95.022,10.88631734,266.8770775
58.964577,23.202674,980000,91.584,10.90290281,322.0848187
58.964688,23.202663,981000,93.765,12.36221809,357.0751786
58.964905,23.202678,983000,94.037,12.07570993,2.041042976
58.965222,23.202601,986000,90.76,11.84470813,352.8619955
58.965332,23.202568,987000,91.389,12.38036442,351.2079008
58.965867,23.202371,992000,93.099,12.11376415,349.2510205
58.966442,23.201938,998000,92.301,11.43427998,338.7826143
58.966927,23.20139,1004000,94.618,10.4049097,329.7793072
58.967762,23.199925,1016000,94.299,10.43568512,317.8717056
58.968677,23.198699,1028000,94.832,10.30750655,325.366459
58.969854,23.196715,1045000,95.848,10.20190785,319.0120219
58.970841,23.194798,1060000,99.087,10.35636704,314.9666424
58.970965,23.194531,1062000,99.587,10.30245688,312.017618
58.971098,23.193665,1067000,98.895,10.36161667,286.5912836
58.971074,23.193277,1069000,99.956,11.2025648,263.1574804
58.971034,23.192702,1072000,100.823,11.08861883,262.3143503
58.970576,23.190835,1082000,104.873,11.85465908,244.5511236
58.970153,23.190069,1087000,106.12,12.87234121,223.0296451
58.969611,23.189507,1092000,107.665,13.67119988,208.1252035
58.968862,23.189136,1098000,109.745,14.3302308,194.3240138
58.9682,23.188988,1103000,113.021,14.82383494,186.5743793
58.967014,23.18871,1112000,109.413,14.76377358,186.8902875
58.966881,23.18867,1113000,109.196,14.96984661,188.8133999
58.966157,23.188215,1119000,110.086,14.10814882,197.952103
58.96561,23.186946,1127000,108.081,11.85638641,230.1016743
58.965601,23.186746,1128000,108.227,11.51220046,265.0116667
58.965601,23.186551,1129000,109.775,11.1818822,270.0000835
58.965597,23.185181,1136000,109.682,11.22302209,269.6761096
58.965527,23.184163,1141000,109.47,11.77843149,262.4034065
58.965454,23.183602,1144000,113.009,11.0594577,255.8347658
58.965129,23.181365,1156000,115.882,11.10612021,254.2631391
58.965008,23.180812,1159000,119.261,11.48296145,247.0036239
58.964862,23.180059,1163000,123.001,11.53317888,249.3902085
58.964738,23.179514,1166000,126.032,11.38687909,246.1879671
58.964291,23.178127,1174000,128.767,11.72474923,237.991394
58.96422,23.17797,1175000,129.302,11.97586048,228.7447814
58.963582,23.177351,1181000,128.517,13.22423743,206.5755748
58.963146,23.176936,1185000,128.45,13.5049011,206.139802
58.962935,23.176715,1187000,129.582,13.3360926,208.3703158
58.962507,23.176278,1191000,130.494,13.44961235,207.7641946
58.961411,23.174954,1202000,132.375,13.05612947,211.918041
58.961226,23.174692,1204000,133.228,12.73950128,216.1379526
58.960698,23.173871,1210000,130.067,12.54536786,218.7213552
58.960089,23.172627,1218000,127.344,12.29738654,226.486809
58.959556,23.171317,1226000,125.069,11.96305986,231.7249954
58.959457,23.170977,1228000,123.325,11.19713493,240.5473647
58.959381,23.170629,1230000,121.515,10.83761614,247.0460665
58.959365,23.170253,1232000,118.112,10.81908191,265.2825694
58.959458,23.169564,1236000,115.682,10.21195959,284.6692331
58.959666,23.168802,1241000,113.268,9.8897605,297.8957274
58.960129,23.167557,1250000,109.556,9.781896594,305.8003703
58.960216,23.167266,1252000,105.891,9.645925359,300.1056652
58.960293,23.166969,1254000,104.672,9.532703079,296.693307
58.960451,23.167095,1258000,101.121,4.750369835,22.35237397
58.960469,23.167098,1260000,99.986,1.004726016,4.911829409
58.960696,23.165947,1262000,97.686,35.33759525,290.9315925
58.960804,23.165508,1265000,93.988,9.298659544,295.5068039
58.960808,23.165331,1266000,94.271,10.16086517,272.5096389
58.96109,23.163077,1280000,91.701,9.501387308,283.6396724
58.961212,23.162628,1283000,91.812,9.702309665,297.7879991
58.961779,23.161208,1294000,92.331,9.363712472,307.755107
58.961993,23.160691,1298000,93.966,9.505423018,308.757466
58.962168,23.159946,1303000,94.683,9.389965721,294.4933697
58.962763,23.159567,1311000,92.412,8.707173048,341.8187472
58.96294,23.159916,1313000,92.785,14.03702208,45.4721184
58.963393,23.161069,1319000,93.709,13.85510535,52.69145219
58.963751,23.161654,1323000,95.274,13.01680545,40.11398307
58.964372,23.161674,1330000,91.793,9.868717991,0.9512826723
58.964476,23.16141,1332000,91.353,9.526267029,307.383011
58.964724,23.160546,1338000,90.186,9.451142394,299.1068017
58.964976,23.159867,1343000,89.094,9.595196973,305.7489124
58.96533,23.159151,1349000,89.039,9.481103734,313.8008747
58.966223,23.157631,1363000,91.13,9.438978638,318.7326677
58.967469,23.15616,1380000,94.41,9.543431398,328.6747656
58.96852,23.155037,1394000,95.276,9.532869926,331.1530618
58.968763,23.154831,1397000,96.786,9.83206721,336.3940735
58.969501,23.153966,1407000,100.376,9.590498568,328.8595597
58.970916,23.152116,1427000,103.803,9.489600073,326.0226368
58.970983,23.152013,1428000,103.579,9.508341394,321.6052264
58.971923,23.150934,1441000,107.013,9.34488483,329.3881637
58.972101,23.150888,1443000,106.852,9.986577404,352.4124367
58.972588,23.151128,1448000,107.439,11.17749764,14.25279022
58.973195,23.151704,1454000,110.96,12.52627917,26.06390871
58.973896,23.15237,1461000,114.177,12.40234996,26.09065376
58.974096,23.152551,1463000,114.931,12.27318258,25.00716134
58.974395,23.152836,1466000,116.65,12.35114193,26.16429296
58.975402,23.153507,1476000,120.377,11.84262472,18.95415341
58.975603,23.153613,1478000,121.273,11.58379551,15.20589744
58.976413,23.154192,1486000,124.097,12.00161234,20.22422438
58.976924,23.154674,1491000,127.25,12.63937098,25.92594609
58.977229,23.154964,1494000,129.398,12.59273757,26.10631783
58.977525,23.155259,1497000,131.918,12.33731355,27.18650832
58.978596,23.156555,1508000,135.113,12.76271592,31.94861459
58.978791,23.156818,1510000,135.974,13.20689149,34.80192909
58.979295,23.157384,1515000,139.508,12.95389055,30.05978367
58.979397,23.157478,1516000,139.799,12.55955111,25.40429588
58.980213,23.158408,1524000,143.064,13.15717924,30.42686073
58.980704,23.159109,1529000,146.577,13.56012026,36.34297275
58.980804,23.159252,1530000,145.718,13.81645631,36.38703975
58.981731,23.15991,1539000,141.367,12.19865697,20.09130208
58.98234,23.160063,1545000,137.337,11.38367882,7.376493081
58.98244,23.160074,1546000,137.215,11.14047959,3.244229847
58.983026,23.160125,1552000,134.719,10.87401615,2.567779228
58.984828,23.160131,1571000,133.412,10.54894774,0.09829905523
58.986034,23.159368,1586000,134.6,9.405750369,341.945031
58.986187,23.159224,1588000,135.272,9.456514473,334.1295862
58.986333,23.159081,1590000,135.059,9.094866632,333.2219734
58.986454,23.158328,1595000,133.998,9.040638217,287.3216761
58.98639,23.157968,1597000,134.721,10.91227689,250.9637756
58.98632,23.157596,1599000,135.883,11.34799816,249.9374171
58.986257,23.157088,1602000,135.626,9.981394057,256.4669133
58.986114,23.156611,1605000,129.73,10.54225336,239.8076174
58.986045,23.156453,1606000,129.605,11.86967696,229.7163579
58.985989,23.156289,1607000,129.673,11.2752611,236.4669338
58.985768,23.155655,1611000,127.366,10.96696758,235.9208313
58.985592,23.154208,1620000,124.277,9.467354265,256.7184743
58.985844,23.153173,1628000,125.313,8.200549569,295.2931616
58.986056,23.15277,1632000,125.263,8.251593252,315.5947503
58.986226,23.152479,1635000,126.118,8.404019073,318.5885116
58.986394,23.152196,1638000,125.404,8.247563651,319.0441379
58.986552,23.151866,1641000,123.035,8.605489515,312.8999579
58.986716,23.151565,1644000,122.988,8.368527847,316.6002113
58.986845,23.151216,1647000,121.658,8.204921871,305.65561
58.987189,23.150126,1656000,121.357,8.139104353,301.4892749
58.987515,23.149806,1661000,121.244,8.126644699,333.1723797
58.987758,23.149781,1664000,121.326,9.021974497,356.9658025
58.988067,23.149674,1668000,119.574,8.727901597,349.884386
58.988235,23.149653,1670000,117.528,9.362360953,356.3151398
58.988544,23.149517,1674000,113.399,8.810365566,347.2237367
58.988772,23.1494,1677000,110.139,8.74363788,345.1908641
58.988991,23.149234,1680000,108.017,8.716693657,338.6684201
58.989396,23.148827,1686000,102.968,8.454360864,332.6275867
58.989721,23.148445,1691000,99.028,8.45193372,328.8031025
58.990249,23.147859,1699000,94.667,8.456209619,330.2401713
58.990315,23.147783,1700000,94.723,8.535505445,329.3218535
58.990447,23.147636,1702000,93.439,8.463305446,330.1560757
58.991033,23.146941,1711000,95.614,8.486898849,328.5752439
58.991691,23.146159,1721000,90.897,8.581455886,328.5232625
58.991757,23.146051,1722000,91.195,9.601299776,319.8694198
58.992348,23.145068,1732000,91.153,8.656527658,319.4087478
58.992618,23.144866,1736000,91.688,8.046076492,338.9229792
58.992856,23.144841,1739000,90.736,8.83685891,356.9026394
58.993089,23.144772,1742000,87.101,8.73851478,351.3262528
58.993425,23.144634,1746000,84.651,9.549831111,348.0538822
58.99375,23.144493,1750000,88.186,9.260073511,347.4021109
58.99389,23.144432,1752000,88.996,7.979544453,347.3496551
58.994123,23.144312,1755000,88.098,8.937416612,345.1416663
58.994509,23.143956,1760000,90.216,9.506445711,334.5883379
58.994916,23.143549,1766000,87.755,8.487017005,332.7464009
58.995071,23.143405,1768000,85.282,9.556257761,334.4263097
58.995449,23.143031,1773000,89.281,9.437816564,332.9941269
58.99565,23.142782,1776000,91.421,8.840127932,327.4575599
58.995985,23.142421,1781000,92.739,8.52323821,330.9664369
58.996364,23.142246,1786000,97.505,8.666132057,346.621372
58.99651,23.14222,1788000,98.999,8.153604443,354.7590161
58.996587,23.142207,1789000,98.853,8.596745299,355.0298852
58.996956,23.142013,1794000,101.192,8.50415776,344.8475693
58.997356,23.141516,1800000,101.972,8.803625742,327.381471
58.99754,23.141166,1803000,101.364,9.550478426,315.585756
58.997714,23.140894,1806000,105.15,8.282354186,321.1600554
58.997886,23.14059,1809000,103.956,8.62366512,317.6867168
58.99808,23.14033,1812000,105.988,8.739892939,325.3828838
58.998308,23.139938,1816000,107.85,8.468449529,318.4736561
58.998537,23.139518,1820000,108.856,8.759636804,316.6303935
58.998643,23.139296,1822000,109.728,8.671075138,312.8316673
58.998858,23.138861,1826000,111.852,8.634520839,313.8193728
58.998973,23.138662,1828000,113.075,8.567019582,318.2904926
58.999313,23.138044,1834000,115.967,8.633793843,316.8881312
58.999735,23.137172,1842000,118.979,8.56821539,313.2172357
58.999844,23.13696,1844000,120.053,8.580148773,314.9505284
59.000009,23.136657,1847000,123.459,8.42018151,316.5957074
59.001008,23.134412,1867000,125.325,8.497896633,310.8281395
59.001464,23.133407,1876000,127.625,8.525019794,311.3804252
59.001902,23.132595,1884000,128.564,8.419551003,316.3257539
59.002532,23.130559,1900000,129.929,8.503641746,300.9995719
59.002818,23.130102,1905000,127.915,8.239382673,320.5486688
59.00361,23.129179,1917000,131.554,8.561572751,329.029418
59.00458,23.127889,1932000,133.71,8.71775838,325.5946328
59.005546,23.126084,1949000,136.316,8.771003038,316.1037168
59.005649,23.125869,1951000,136.956,8.409700025,312.9325954
59.005861,23.125433,1955000,133.412,8.586458396,313.3574343
59.005971,23.125215,1957000,132.624,8.740657847,314.4177682
59.007024,23.123714,1973000,135.294,9.080407801,323.7211171
59.008317,23.12164,1994000,134.43,8.88227294,320.4459484
59.008845,23.120716,2003000,133.771,8.783626058,317.978636
59.009025,23.120239,2007000,130.393,8.46726882,306.2368117
59.009107,23.119969,2009000,128.805,8.976237471,300.5333957
59.009258,23.119397,2013000,125.782,9.203296916,297.1441447
59.009447,23.118677,2018000,121.706,9.256784978,297.0132304
59.009786,23.117596,2026000,117.767,9.060900801,301.3441469
59.010072,23.117356,2030000,113.801,8.663269015,336.632131
59.010579,23.117399,2036000,110.31,9.407575649,2.500421066
59.01118,23.117518,2043000,106.532,9.599065482,5.820972423
59.011266,23.117556,2044000,105.246,9.809873119,12.81667333
59.01152,23.117535,2047000,102.032,9.425684445,357.5625255
59.011636,23.117263,2049000,98.624,10.11304643,309.6355992
59.011652,23.117066,2050000,98.54,11.42097923,278.9644568
59.011289,23.116159,2055000,96.762,13.15751493,232.1414385
59.010469,23.116604,2060000,93.185,18.93978692,164.3886997
59.010356,23.117414,2063000,89.939,16.01999555,105.1598256
59.010479,23.117879,2065000,86.671,14.9692366,62.80837422
59.010961,23.118292,2071000,85.992,9.766077581,23.8055105
59.011047,23.118268,2072000,85.696,9.663695597,351.8233949
59.011266,23.118058,2075000,86.028,9.055178251,333.7239806
59.011385,23.117873,2077000,87.294,8.476888374,321.3253904
59.011854,23.117789,2083000,82.136,8.731072927,354.7314351
59.012263,23.118073,2088000,85.166,9.662256604,19.67210618
59.012437,23.118184,2090000,85.412,10.18524877,18.18224783
59.013206,23.118388,2099000,88.722,9.591894853,7.777147295
59.013375,23.118452,2101000,89.645,9.575586379,11.03245403
59.01406,23.118654,2109000,92.821,9.632879785,8.63259727
59.014225,23.118695,2111000,93.543,9.250946298,7.29003987
59.014817,23.118796,2118000,96.634,9.442777376,5.019512873
59.015585,23.118793,2127000,99.635,9.491326311,359.8847808
59.016182,23.118759,2134000,103.238,9.490086754,358.3206626
59.016266,23.118754,2135000,103.143,9.347390807,358.2448609
59.016774,23.118676,2141000,105.833,9.446528487,355.4806168
59.017446,23.118547,2149000,107.763,9.388513464,354.3564224
59.018364,23.118336,2160000,111.739,9.347083869,353.2523033
59.018449,23.118323,2161000,111.309,9.483485873,355.498485
59.019051,23.118219,2168000,116.208,9.603206379,354.9182013
59.019135,23.118207,2169000,116.425,9.36823278,355.7942694
59.019649,23.118158,2175000,119.495,9.539847777,357.1906961
59.019992,23.118129,2179000,121.533,9.546679404,357.5080485
59.020434,23.118088,2184000,124.867,9.843602411,357.2663937
59.020523,23.118084,2185000,125.171,9.901785289,358.6747571
59.020785,23.118058,2188000,126.901,9.726423773,357.0758852
59.021208,23.117968,2193000,129.918,9.466001791,353.7501565
59.021376,23.11791,2195000,131.707,9.489373631,349.9237034
59.021786,23.117749,2200000,135.861,9.304986564,348.5733966
59.022444,23.117444,2208000,139.778,9.405120711,346.5813468
59.022845,23.117233,2213000,139.368,9.241698339,344.8463714
59.023006,23.117125,2215000,136.05,9.47235761,340.952235
59.023161,23.117003,2217000,139.344,9.300520252,337.9465449
59.024327,23.116218,2232000,139.884,9.150324478,340.888828
59.024659,23.116071,2236000,134.834,9.468448981,347.1626233
59.025064,23.115847,2241000,131.54,9.367223453,344.1108372
59.025227,23.115748,2243000,130.56,9.497487693,342.6415276
59.025555,23.115558,2247000,132.545,9.517237374,343.399439
59.025974,23.115401,2252000,133.761,9.492487148,349.0850667
59.026942,23.115351,2263000,133.608,9.791368135,358.4773002
59.027128,23.115442,2265000,132.363,10.66688259,14.13231782
59.027317,23.115639,2267000,131.611,11.9276044,28.20965043
59.027578,23.116007,2270000,132.982,11.9557087,35.96466508
59.029073,23.118245,2287000,132.388,12.34730062,37.60870328
59.030064,23.120579,2300000,133.205,13.32256039,50.47295228
59.030137,23.120774,2301000,133.33,13.80193628,53.96428686
59.030505,23.121718,2306000,129.844,13.55672802,52.85334364
59.030661,23.122074,2308000,129.109,13.38126428,49.58306626
59.030901,23.12261,2311000,126.065,13.55526736,48.97150976
59.031064,23.122953,2313000,125.314,13.36115254,47.27682948
59.031376,23.123681,2317000,128.324,13.5562313,50.20973923
59.031454,23.123856,2318000,128.395,13.2508217,49.10110267
59.031998,23.125111,2325000,131.591,13.4166183,49.88880828
59.032912,23.126924,2336000,128.665,13.20571307,45.58502721
59.03326,23.127516,2340000,131.056,12.86007505,41.19587697
59.03344,23.127774,2342000,132.417,12.43831438,36.40888602
59.034692,23.129611,2356000,133.65,12.46306837,37.04993474
59.034924,23.130173,2359000,135.458,13.74477056,51.25872454
59.035915,23.131576,2370000,135.048,12.39699923,36.06938782
59.037226,23.133869,2385000,136.134,13.07764757,41.98206503
59.037429,23.134885,2389000,136.605,15.59241761,68.77539759
59.037954,23.140395,2408000,140.11,16.87687306,79.50526383
59.038557,23.143943,2421000,143.856,16.4473409,71.71738818
59.038674,23.144459,2423000,147.201,16.13344439,66.21468135
59.038857,23.145211,2426000,148.933,15.86720803,64.68439754
59.039901,23.149142,2442000,147.762,15.82109575,62.69352731
59.040959,23.1527,2457000,150.377,15.67646896,59.96924851
59.041031,23.15293,2458000,150.635,15.40516581,58.6780814
59.041562,23.15451,2465000,153.757,15.42652273,56.84232512
59.042489,23.157181,2477000,156.906,15.3627437,55.99214719
59.042937,23.158544,2483000,157.266,15.42401244,57.42196049
59.04343,23.15927,2488000,158.433,13.75815797,37.14369205
59.043739,23.159486,2491000,160.369,12.17439794,19.77700652
59.04452,23.159458,2499000,159.958,10.86030938,358.9435289
59.044936,23.159698,2503000,158.902,12.06611148,16.52821673
59.045263,23.159933,2506000,159.668,12.92544224,20.28670197
59.045585,23.160201,2509000,159.806,12.98624851,23.17562788
59.045906,23.160325,2512000,160.167,12.1338543,11.23775044
59.047064,23.160668,2523000,161.932,11.84419603,8.662166555
59.048137,23.161346,2533000,165.714,12.54901159,18.00328531
59.048247,23.161426,2534000,165.558,13.06278388,20.50820886
59.048891,23.162,2540000,165.745,13.13286087,24.62684822
59.049378,23.163574,2547000,165.43,15.01095934,58.96835472
59.049366,23.16419,2549000,166.463,17.63133735,92.16893636
59.049297,23.164797,2551000,167.908,17.78032351,102.4632351
59.048916,23.167163,2559000,170.162,17.72798811,107.3846214
59.04847,23.170439,2570000,172.596,17.62337681,104.8251696
59.047872,23.174588,2584000,175.794,17.6063996,105.6530995
59.047368,23.178773,2598000,177.494,17.56318974,103.1766793
59.046754,23.182257,2610000,179.639,17.55718238,108.9123025
59.046334,23.183887,2616000,183.646,17.38275409,116.608708
59.04626,23.184153,2617000,183.581,17.3008054,118.4076456
59.045164,23.187361,2630000,186.425,16.94811763,123.5916592
59.044489,23.188979,2637000,190.021,17.02664894,129.043363
59.04439,23.189204,2638000,190.025,16.93977912,130.5439216
59.044297,23.189438,2639000,190.654,16.91824305,127.6916763
59.044356,23.191178,2645000,188.752,16.62748492,86.22772166
59.044749,23.191597,2649000,191.804,12.46337733,28.74023053
59.04485,23.191604,2650000,191.747,11.24098789,2.041683753
59.045228,23.191021,2655000,187.64,10.73338742,321.5746422
59.045201,23.19082,2656000,183.076,11.88498275,255.3638715
59.044748,23.190571,2661000,185.348,10.47212042,195.7873212
59.04452,23.191058,2663000,188.607,18.83745492,132.3078116
59.04365,23.193431,2672000,191.214,18.52457578,125.4784523
59.043002,23.196262,2682000,194.352,17.72840215,113.9870081
59.042942,23.196548,2683000,194.5,17.67182096,112.1874136
59.042686,23.197679,2687000,196.271,17.6743038,113.7502694
59.042435,23.198803,2691000,199.228,17.5269861,113.4659366
59.042127,23.200212,2696000,203.983,17.51868225,113.0222892
59.042006,23.200774,2698000,204.67,17.42905511,112.7112008
59.041137,23.20437,2711000,207.72,17.48637495,115.161205
59.040922,23.20519,2714000,209.689,17.55370047,117.0069815
59.040242,23.207942,2724000,212.719,17.46870244,115.6548711
59.040106,23.208493,2726000,213.591,17.48434583,115.6311945
59.039728,23.210175,2732000,216.719,17.5042482,113.5972973
59.03967,23.21046,2733000,216.938,17.53724971,111.5831199
59.039498,23.211318,2736000,218.398,17.56346242,111.2892076
59.039264,23.212457,2740000,220.155,17.54463773,111.7686399
59.038575,23.215599,2751000,221.682,17.76726209,113.0848116
59.03837,23.21678,2755000,219.932,17.83046041,108.6440984
59.037887,23.220381,2767000,221.594,17.74545625,104.6110384
59.03779,23.221898,2772000,219.942,17.49497012,97.08411968
59.037783,23.223118,2776000,220.601,17.45406001,90.63844702
59.037839,23.226439,2787000,224.228,17.28536876,88.12131646
59.037848,23.23102,2802000,226.647,17.47596223,89.77923898
59.03771,23.234382,2813000,229.753,17.54496976,94.56021559
59.037357,23.238898,2828000,229.799,17.42573596,98.63717608
59.037305,23.239507,2830000,228.769,17.66294042,99.42297229
59.037037,23.242847,2841000,232.468,17.58530349,98.8631075
59.036839,23.24493,2848000,228.605,17.31650663,100.4669094
59.036804,23.245228,2849000,228.499,17.4915976,102.8592739
59.036685,23.246118,2852000,226.363,17.54056884,104.5676715
59.035892,23.248313,2861000,224.344,17.05382028,125.0753792
59.03421,23.251495,2876000,220.94,17.40490869,135.7722329
59.033532,23.252715,2882000,219.218,17.12834793,137.2043337
59.032634,23.254303,2890000,216.138,16.88002267,137.7001136
59.030391,23.2581,2910000,218.9,16.54284389,138.9402384
59.028945,23.260543,2923000,222.006,16.39369753,138.9952309
59.028406,23.26153,2928000,223.923,16.47504993,136.7000728
59.027911,23.262618,2933000,226.728,16.62475583,131.4788423
59.027435,23.263758,2938000,226.179,16.80597883,129.0539047
59.027036,23.264611,2942000,222.265,16.49527756,132.2681341
59.026932,23.26483,2943000,222.017,17.05733535,132.6996028
59.025517,23.267434,2956000,221.744,16.67448732,136.5553421
59.02456,23.269286,2965000,218.664,16.69243454,135.1144872
59.023321,23.272292,2978000,221.849,16.95859169,128.6878149
59.023135,23.273096,2981000,223.705,16.82079086,114.2026362
59.023022,23.273988,2984000,220.59,17.5295493,103.82701
59.023647,23.275375,2990000,223.039,17.58876428,48.79709082
59.023961,23.275693,2993000,223.272,13.12823196,27.53011823
59.02431,23.275925,2996000,221.216,13.67568242,18.88750407
59.02521,23.276317,3004000,217.595,12.82349174,12.6347435
59.025323,23.276354,3005000,216.911,12.74577849,9.5654263
59.025722,23.277626,3011000,215.341,14.21200513,58.63744805
59.02538,23.278427,3017000,215.568,9.929452183,129.6792758
59.025302,23.278687,3018000,214.654,17.22731642,120.2382396
59.025609,23.280133,3021000,212.265,29.84684417,67.58192682
59.025145,23.282465,3029000,215.419,17.89010452,111.1358811
59.025087,23.282753,3030000,215.65,17.7034955,111.3704313
59.024605,23.28656,3043000,214.444,17.26360103,103.8188086
59.024735,23.289772,3054000,211.934,16.76705828,85.50217457
59.024868,23.290614,3057000,208.72,16.80628669,72.93778405
59.024916,23.290888,3058000,208.749,16.56867471,71.20227601
59.02548,23.293149,3067000,205.453,15.98105921,64.14037982
59.025748,23.293736,3070000,202.402,14.9726795,48.42298814
59.026377,23.294522,3076000,201.767,13.86333269,32.74496079
59.027002,23.294595,3082000,201.736,11.60698071,3.43986777
59.027682,23.29411,3090000,199.239,10.07098397,339.8444684
59.028239,23.293929,3096000,196.932,10.46888646,350.5064482
59.028905,23.294849,3103000,196.063,12.98377435,35.40761609
59.02895,23.295465,3105000,196.149,17.80592961,81.92016845
59.029095,23.296636,3109000,198.015,17.23453102,76.46998935
59.029218,23.297813,3113000,195.789,17.18582734,78.5202329
59.029273,23.298086,3114000,196.002,16.78053565,68.61962556
59.029392,23.298614,3116000,196.502,16.49624836,66.34781725
59.03016,23.299778,3124000,198.458,13.5413105,37.95121414
59.030264,23.299793,3125000,197.842,11.59934655,4.244654446
59.030894,23.299246,3133000,196.876,9.593551493,335.9257834
59.030974,23.298972,3135000,191.841,9.015366191,299.5707635
59.031002,23.298816,3136000,190.759,9.45609754,289.2291986
59.03106,23.298513,3138000,189.388,9.251482797,290.4051062
59.031265,23.298061,3142000,186.785,8.620997084,311.3929105
59.031576,23.298022,3145000,184.535,11.55443567,356.3079641
59.032207,23.298131,3151000,186.363,11.74341225,5.079403262
59.032531,23.298222,3154000,184.69,12.13723288,8.223395195
59.033357,23.299095,3162000,185.791,13.07244765,28.53799596
59.034235,23.30115,3172000,182.143,15.28664265,50.29400444
59.034323,23.301367,3173000,180.899,15.81219606,51.75601778
59.03455,23.303337,3180000,181.202,16.50466549,77.37593557
59.034518,23.303639,3181000,181.714,17.64562961,101.6366454
59.034389,23.305467,3187000,179.677,17.59881947,97.80884661
59.034497,23.309106,3199000,181.523,17.3833691,86.69718668
59.034678,23.311123,3206000,175.979,16.73881636,80.10572475
59.03505,23.313981,3216000,175.592,16.87093166,75.80209369
59.035026,23.315174,3220000,174.898,17.08112661,92.23859752
59.034732,23.317207,3227000,175.788,17.26458796,105.6980856
59.034707,23.318125,3230000,173.514,17.53627231,93.02940559
59.034913,23.320117,3237000,169.81,16.61109238,78.6345927
59.035087,23.320916,3240000,166.679,16.55062314,67.05876775
59.035227,23.321394,3242000,165.951,15.73811048,60.34900984
59.035517,23.32232,3246000,162.271,15.50924525,58.67126132
59.035589,23.322556,3247000,161.43,15.70129129,59.33338866
59.035654,23.323727,3251000,157.166,16.85026589,83.84187784
59.035536,23.324325,3253000,156.476,18.32597731,110.9826857
59.035411,23.324887,3255000,158.329,17.51897467,113.3784402
59.035203,23.326366,3260000,158.118,17.54872639,105.2871002
59.035259,23.327511,3264000,154.614,16.45510762,84.56941211
59.035572,23.328051,3267000,151.223,15.51689107,41.59362559
59.035683,23.328154,3268000,151.09,13.68099459,25.5208634
59.035891,23.328305,3270000,151.739,12.34808308,20.48105251
59.036201,23.328413,3273000,147.432,11.67655355,10.1620052
59.036519,23.328472,3276000,145.422,11.84357601,5.452704038
59.037608,23.328676,3287000,143.91,11.06242098,5.504909506
59.038124,23.328921,3292000,140.518,11.81604983,13.72696106
59.038916,23.329224,3300000,137.724,11.22265444,11.1345344
59.039215,23.329282,3303000,135.058,11.14061261,5.698862639
59.039795,23.329348,3309000,131.486,10.77027888,3.350272432
59.040164,23.329338,3313000,127.985,10.26161915,359.2012693
59.040257,23.329335,3314000,127.721,10.34546594,359.049281
59.040533,23.329301,3317000,126.077,10.25334261,356.3739007
59.040626,23.329291,3318000,125.495,10.35985483,356.8339064
59.040821,23.329329,3320000,124.838,10.89891536,5.724625036
59.041021,23.329478,3322000,125.699,11.91148761,20.96912577
59.041303,23.329781,3325000,126.56,11.94607889,28.93062322
59.041905,23.331511,3333000,125.006,14.93807312,55.92283439
59.041719,23.333903,3341000,126.121,17.30198207,98.59479666
59.041349,23.334926,3345000,126.204,17.88801074,125.110244
59.041007,23.335568,3348000,126.699,17.62681418,136.0003055
59.040135,23.335783,3354000,125.135,16.29439279,172.7712303
59.039956,23.335168,3358000,126.683,10.10787672,240.5001446
59.039989,23.334695,3361000,125.234,9.104150755,277.7234364
59.039968,23.334526,3362000,125.889,9.948143647,256.4206699
59.039902,23.333754,3367000,123.605,8.955822882,260.5648698
59.039919,23.332928,3373000,119.475,7.88349606,272.291351
59.040029,23.332699,3375000,118.791,8.963626638,313.0373889
59.04006,23.33257,3376000,121.845,8.146893491,295.0387673
59.040089,23.332449,3377000,122.124,7.63800913,294.9801829
59.040154,23.332217,3379000,118.755,7.557927391,298.5736382
59.040173,23.331925,3381000,115.556,8.420520879,277.2088925
59.040176,23.331604,3383000,117.092,9.185147599,271.0409177
59.040148,23.330272,3392000,117.677,8.475466129,267.6606425
59.040173,23.329995,3394000,118.57,8.045854946,279.950808
59.040161,23.329833,3395000,117.379,9.365062794,261.8063363
59.040116,23.329506,3397000,121.051,9.684243616,255.0238794
59.040058,23.329206,3399000,123.199,9.16895079,249.4031818
59.03993,23.32893,3401000,123.464,10.63125132,227.9654097
59.039772,23.328667,3403000,124.619,11.56827897,220.5741392
59.038785,23.328409,3411000,126.768,13.8460618,187.659092
59.038641,23.328495,3412000,126.622,16.75551953,162.9205852
59.038215,23.328807,3415000,131.642,16.87808306,159.3539665
59.037055,23.330908,3425000,130.278,17.63548443,137.0203918
59.036747,23.331702,3428000,128.632,18.96789908,127.0150258
59.036422,23.332438,3431000,130.7,18.50105257,130.6384562
59.036191,23.33288,3433000,132.676,18.02713154,135.4489233
59.034947,23.334844,3443000,136.166,17.82615461,140.9125272
59.033965,23.33645,3451000,139.283,17.84357157,139.9197201
59.033392,23.337494,3456000,143.032,17.47186435,136.8479
59.033045,23.338146,3459000,141.58,17.89465468,135.9666954
59.032579,23.339039,3463000,142.973,18.19763988,135.4025999
59.031131,23.341859,3476000,146.024,17.53908355,134.9382505
59.030783,23.342467,3479000,146.202,17.3498037,138.0433308
59.029482,23.344074,3489000,148.411,17.14628932,147.5584545
59.028985,23.344783,3493000,150.1,17.14395618,143.7169912
59.028257,23.345865,3499000,146.461,16.99028294,142.5891167
59.028145,23.346069,3500000,146.312,17.07428252,136.8525092
59.026905,23.347849,3510000,142.765,17.1473213,143.544559
59.026647,23.34818,3512000,141.442,17.19349043,146.5649942
59.026383,23.348503,3514000,141.583,17.34988154,147.8030502
59.026023,23.349137,3517000,140.16,18.01355191,137.8121765
59.025785,23.349548,3519000,142.594,17.70780686,138.3708847
59.025667,23.349744,3520000,143.215,17.26665868,139.4745179
59.024763,23.351471,3528000,146.586,17.62602551,135.4844034
59.024,23.352548,3534000,149.727,17.48274974,144.0019386
59.023878,23.352746,3535000,149.283,17.68076252,140.1279024
59.023511,23.353316,3538000,150.635,17.41971625,141.3618846
59.022922,23.354338,3543000,152.099,17.566871,138.2327112
59.021979,23.356481,3552000,155.315,17.93415348,130.5274002
59.021569,23.357451,3556000,153.233,17.96423366,129.3923364
59.021138,23.358406,3560000,149.644,18.17853006,131.2441045
59.021023,23.358637,3561000,150.011,18.39859538,134.0444261
59.020555,23.359473,3565000,148.244,17.67833305,137.4020473
59.018909,23.361682,3578000,149.096,17.1165163,145.3620975
59.018657,23.36203,3580000,145.967,17.19457813,144.5925437
59.018265,23.362581,3583000,142.378,17.93899112,144.1119353
59.016652,23.364408,3595000,144.712,17.30647867,149.7538945
59.014696,23.366884,3610000,145.713,17.31176369,146.9081228
59.014137,23.367271,3614000,148.744,16.50164565,160.382979
59.012743,23.367878,3624000,150.779,15.88977534,167.3641167
59.010924,23.368943,3637000,151.406,16.25484693,163.2244153
59.009015,23.370672,3651000,155.566,16.73458192,154.9977397
59.008766,23.370952,3653000,158.574,16.00141267,149.928622
59.008638,23.371089,3654000,158.855,16.25587128,151.1402395
59.007289,23.372554,3664000,162.514,17.19103996,150.7855992
59.007017,23.372871,3666000,164.174,17.64164294,149.030974
59.006355,23.373701,3671000,166.467,17.52882795,147.1526623
59.005565,23.374696,3677000,168.416,17.45527162,147.0331442
59.004411,23.376275,3686000,171.954,17.44643461,144.8301721
59.003433,23.37761,3694000,175.279,16.62088833,144.8936407
59.002424,23.378877,3702000,178.58,16.70613569,147.1096117
59.001402,23.380015,3710000,181.584,16.37978124,150.1667701
59.001147,23.380284,3712000,182.445,16.13915222,151.484892
58.99936,23.382143,3726000,184.426,16.10661446,151.8174418
58.998836,23.382561,3730000,188.458,15.75252158,157.6639354
58.998193,23.382971,3735000,185.216,15.055348,161.8185565
58.997923,23.383095,3737000,181.648,15.42992844,166.6912995
58.99711,23.383463,3743000,177.217,15.47534943,166.8760005
58.996693,23.383659,3746000,173.481,15.90709258,166.3903589
58.996421,23.383814,3748000,172.535,15.76494823,163.6416344
58.995715,23.384321,3753000,167.684,16.74518537,159.7000114
58.995429,23.384509,3755000,171.016,16.79239383,161.2938169
58.995291,23.384588,3756000,171.602,16.00265608,163.5702124
58.994921,23.385051,3759000,173.38,16.32079094,147.1945722
58.994523,23.38551,3762000,173.136,17.1634469,149.2866484
58.994164,23.386024,3765000,177.117,16.53853658,143.589913
58.993773,23.386137,3768000,173.527,14.65625316,171.5323255
58.993464,23.385868,3771000,174.298,12.55553999,204.1539449
58.992969,23.385404,3776000,176.596,12.22796649,205.7750868
58.992877,23.385326,3777000,176.252,11.1662137,203.5934522
58.992713,23.385144,3779000,172.815,10.50577319,209.7560882
58.99253,23.384894,3781000,169.444,12.4448115,215.1362551
58.992435,23.384751,3782000,169.465,13.37111559,217.7913894
58.992268,23.384477,3784000,171.238,12.16044666,220.2052893
58.992111,23.384228,3786000,173.058,11.27495096,219.2499304
58.991606,23.38413,3790000,167.321,14.112312,185.7090251
58.990384,23.384919,3799000,162.831,15.91559684,161.6010958
58.989825,23.385214,3803000,164.113,16.10811203,164.7900461
58.988627,23.385161,3812000,158.213,14.80929567,181.3057176
58.987735,23.385039,3819000,153.961,14.20854856,184.0308287
58.98713,23.384723,3824000,150.005,13.93718798,195.0621618
58.986877,23.384583,3826000,148.096,14.63080925,195.913382
58.986749,23.384506,3827000,148.011,14.90513021,197.2206601
58.986519,23.384302,3829000,149.684,14.06339431,204.5601906
58.985778,23.38408,3834000,148.604,16.67896653,188.7752946
58.985267,23.384021,3838000,148.437,14.23427648,183.4046096
58.98467,23.384024,3842000,147.999,16.60057425,179.8516453
58.984109,23.383996,3846000,147.236,15.60464019,181.4732004
58.983821,23.383998,3848000,144.403,16.0166833,179.7949774
58.983453,23.383814,3851000,143.862,14.08930897,194.4476429
58.983324,23.383728,3852000,140.221,15.17119099,198.9588828
58.983184,23.383675,3853000,138.351,15.86518931,191.0382905
58.982275,23.382834,3861000,132.991,14.00085762,205.4897575
58.982173,23.382708,3862000,131.779,13.44857642,212.4789266
58.981901,23.382204,3865000,127.843,13.94329955,223.6766201
58.981723,23.381892,3867000,125.678,13.33940526,222.0897519
58.981497,23.381268,3870000,121.267,14.57181331,234.8994245
58.981117,23.380642,3874000,122.978,13.86049369,220.3287985
58.98089,23.380312,3876000,121.964,15.77376529,216.8387426
58.980483,23.379956,3879000,126.164,16.55180777,204.2637585
58.978914,23.379235,3891000,125.306,14.94505841,193.3233238
58.977445,23.378632,3902000,124.083,15.18249665,191.9449874
58.977071,23.378314,3905000,124.874,15.13912535,203.6636172
58.976705,23.378053,3908000,128.251,14.45705211,200.1798947
58.976374,23.377726,3911000,123.994,13.7711153,206.9835484
58.976252,23.377616,3912000,124.637,14.96318293,204.9242491
58.975388,23.37684,3919000,124.956,15.12804066,204.8400032
58.974406,23.375678,3928000,121.647,14.21502615,211.3790356
58.974307,23.375514,3929000,121.425,14.47915417,220.4917582
58.973922,23.374828,3933000,124.586,14.53528243,222.5644783
58.973756,23.374481,3935000,126.341,13.57060072,227.134789
58.973676,23.374304,3936000,125.064,13.49608376,228.7528196
58.973484,23.373447,3940000,123.133,13.39301459,246.5077928
58.973412,23.373015,3942000,125.245,13.01454729,252.081503
58.973368,23.372603,3944000,126.558,12.06082369,258.2943752
58.973352,23.372187,3946000,125.482,11.95780884,265.7327135
58.973439,23.371195,3951000,124.49,11.53775028,279.6568417
58.973563,23.370388,3955000,125.178,12.06930011,286.6001242
58.973616,23.370015,3957000,125.605,11.09082276,285.4122699
58.973741,23.369447,3960000,120.001,11.80236413,293.1209433
58.974121,23.367297,3971000,119.171,11.84572159,288.9281524
58.974195,23.366425,3975000,122.876,12.66592953,279.3499888
58.974334,23.365409,3980000,122.228,12.05255553,284.865918
58.974465,23.364834,3983000,123.692,12.01349109,293.8466047
58.974558,23.364498,3985000,126.264,10.93199399,298.2364194
58.974776,23.364046,3988000,122.624,11.8292269,313.0991371
58.974861,23.363905,3989000,122.503,12.4386737,319.4702099
58.97525,23.363247,3994000,124.541,11.48030249,318.9174958
58.975706,23.362525,4000000,122.759,10.91068254,320.7838785
58.976484,23.361201,4010000,126.455,11.51034145,318.7465644
58.977154,23.358866,4024000,124.384,10.9427791,299.1076531
58.977342,23.35814,4028000,121.659,11.6437224,296.6776659
58.977698,23.356916,4035000,118.334,11.50936593,299.4385795
58.977829,23.356374,4038000,116.263,11.43863866,295.1257668
58.977915,23.355606,4042000,112.007,11.26273533,282.2589891
58.977973,23.355201,4044000,108.224,12.04762183,285.5296614
58.978013,23.355012,4045000,108.364,11.71187639,292.3260272
58.978048,23.35483,4046000,108.639,11.13531401,290.4630015
58.978094,23.354465,4048000,107.962,10.76955876,283.7415667
58.978343,23.353625,4053000,107.034,11.10945572,299.9071426
58.978745,23.352885,4058000,105.155,12.32643431,316.5091731
58.978993,23.35243,4061000,108.395,12.65395236,316.604561
58.979137,23.352127,4063000,109.532,11.8129493,312.6818155
58.979574,23.350771,4071000,111.922,11.45907916,302.0203192
58.979779,23.349474,4078000,111.489,11.10879093,287.0514986
58.979875,23.348706,4082000,108.464,11.32442913,283.634583
58.979895,23.348517,4083000,108.245,11.05936812,281.6039437
58.979915,23.34833,4084000,106.98,10.94709088,281.7246367
58.980013,23.347759,4087000,100.746,11.49886191,288.4201285
58.980136,23.346474,4093000,99.507,12.48576336,280.5228999
58.9801,23.345589,4097000,96.99,12.72123956,265.4870995
58.98007,23.344683,4101000,100.714,13.00950166,266.3239387
58.979984,23.343447,4107000,95.509,11.91485044,262.3111195
58.979913,23.342986,4109000,94.531,13.78946518,253.3609886
58.979842,23.342558,4111000,97.768,12.88617199,252.1567962
58.979828,23.342346,4112000,97.46,12.25105778,262.6977724
58.979766,23.341443,4116000,93.367,13.05418948,262.4114258
58.979658,23.340088,4122000,93.651,13.09856574,261.2086472
58.979556,23.339415,4125000,100.05,13.40327517,253.6119075
58.97952,23.339202,4126000,99.054,12.84895844,251.842488
58.979412,23.336057,4141000,96.916,12.044729,266.1890578
58.979434,23.335438,4144000,100.521,11.85511803,273.9454626
58.979435,23.335233,4145000,100.492,11.75112096,270.5424097
58.979464,23.332695,4157000,97.63,12.12614865,271.2712503
58.979354,23.33175,4161000,101.88,13.8829962,257.2724902
58.979327,23.331528,4162000,103.686,13.07463344,256.7212902
58.978983,23.330302,4168000,105.673,13.33596159,241.4340118
58.978454,23.329423,4174000,108.742,12.91066544,220.574795
58.977588,23.328431,4182000,105.512,13.98179688,210.5559431
58.977482,23.328283,4183000,105.981,14.52511501,215.7380599
58.976463,23.326804,4193000,110.697,14.15411342,216.7985201
58.976371,23.326659,4194000,109.831,13.18339558,219.0870449
58.976087,23.326207,4197000,112.423,13.61861414,219.3613461
58.975757,23.325793,4200000,108.173,14.56968832,212.8865034
58.974626,23.323782,4212000,106.735,14.21936569,222.5040912
58.974172,23.32235,4219000,110.215,13.76877275,238.4046478
58.973942,23.321277,4224000,110.518,13.32427011,247.4193082
58.973725,23.320191,4229000,113.04,13.35486468,248.8107162
58.973639,23.319787,4231000,114.042,12.52932741,247.5597401
58.973441,23.318764,4236000,110.91,12.52938035,249.4189921
58.973354,23.318336,4238000,109.145,13.18820221,248.477536
58.973211,23.317691,4241000,109.362,13.41786373,246.7262671
58.972854,23.315374,4252000,107.687,12.60390176,253.358251
58.972282,23.314051,4260000,104.806,12.37488762,230.011126
58.972476,23.311307,4271000,101.799,14.43555816,277.8111777
58.972515,23.311096,4272000,102.24,12.85118352,289.7273267
58.972991,23.310526,4277000,104.108,12.44336591,328.3158938
58.973228,23.310588,4279000,107.28,13.2995942,7.679469833
58.97334,23.310674,4280000,106.463,13.3975429,21.59275655
58.973775,23.311324,4284000,101.749,15.26758473,37.6027598
58.974044,23.312333,4288000,105.336,16.28123331,62.64971591
58.974122,23.312857,4289000,106.457,31.26800856,73.8910575
58.973927,23.313061,4293000,103.839,6.160324305,151.6656763
58.974014,23.315088,4298000,107.268,23.32164254,85.23899088
58.97395,23.315342,4299000,106.876,16.20840194,116.0517574
58.973652,23.316015,4302000,102.013,16.95497295,130.6647923
58.973488,23.316136,4303000,102.848,19.515596,159.1786747
58.97288,23.316036,4307000,102.417,16.96703517,184.8457738
58.972624,23.315851,4309000,104.699,15.19257033,200.4299397
58.972011,23.315383,4314000,104.56,14.65423012,201.481142
58.971762,23.314869,4317000,101.08,13.4802283,226.7773136
58.971944,23.313681,4319000,100.304,35.52784063,286.552888
58.971898,23.313325,4324000,101.093,4.208374672,255.9274077
58.972249,23.312181,4330000,104.229,12.72131574,300.7631482
58.972492,23.31122,4335000,103.847,12.27364253,296.1312931
58.972565,23.310811,4337000,106.051,12.407275,289.0995686
58.972636,23.310419,4339000,105.338,11.91049099,289.3610544
58.972684,23.309787,4342000,103.561,12.2081884,278.3822955
58.972708,23.309347,4344000,104.393,12.6832847,276.0408474
58.972706,23.308011,4350000,101.588,12.76579328,269.8341693
58.972685,23.306902,4355000,103.724,12.72463464,267.896544
58.972558,23.306012,4359000,110.134,13.23601402,254.5261525
58.972521,23.305782,4360000,109.25,13.81350782,252.6671598
58.972336,23.304668,4365000,113.527,13.42006884,252.1425364
58.972304,23.304456,4366000,112.917,12.66476436,253.6781133
58.972206,23.303786,4369000,111.251,13.3096667,254.1580867
58.972148,23.303354,4371000,113.714,12.79690664,255.4008636
58.972101,23.302485,4375000,113.379,12.52378345,264.0104159
58.971761,23.299846,4387000,113.532,12.99623778,255.967796
58.971355,23.298338,4394000,115.556,13.93444298,242.4222162
58.971063,23.297504,4398000,116.758,14.45082282,235.8149804
58.970855,23.296862,4401000,119.794,14.49174045,237.8498706
58.970259,23.295541,4408000,123.14,14.37891172,228.8064782
58.969289,23.293566,4419000,123.531,14.21881465,226.3865944
58.968856,23.29267,4424000,121.702,14.0837229,226.8493527
58.96849,23.291998,4428000,123.677,14.01305009,223.4260186
58.967294,23.290516,4439000,124.639,14.35014006,212.5708501
58.965822,23.289273,4451000,125.111,14.88055852,203.5257428
58.965555,23.289158,4453000,125.27,15.21037995,192.5196679
58.964835,23.289271,4458000,124.945,16.0689262,175.3739948
58.964018,23.290059,4464000,123.861,16.91451677,153.5598985
58.963466,23.291133,4469000,120.436,17.39295039,134.9097227
58.963357,23.291342,4470000,121.137,17.04799319,135.3283816
58.962156,23.293542,4481000,122.943,16.70402238,136.6348393
58.961962,23.293962,4483000,119.296,16.16915537,131.8553621
58.961864,23.294175,4484000,119.183,16.37158681,131.743499
58.961501,23.294715,4487000,115.234,16.96143839,142.5106631
58.961375,23.294895,4488000,115.024,17.40604591,143.6248352
58.961011,23.295431,4491000,117.01,16.94461099,142.7917327
58.960273,23.296447,4497000,114.783,16.7773017,144.6301405
58.959189,23.298016,4506000,113.606,16.71641106,143.2636311
58.958624,23.298994,4511000,108.244,16.84704284,138.2480809
58.958512,23.299202,4512000,108.703,17.24832884,136.239197
58.958109,23.300053,4516000,110.93,16.56718374,132.5626083
58.957266,23.30267,4527000,107.413,16.08910105,121.9906956
58.957186,23.302901,4528000,107.532,15.96007682,123.8845292
58.956907,23.30386,4532000,105.489,15.78885164,119.429687
58.956287,23.306376,4542000,106.29,15.99426644,115.5398828
58.956052,23.307054,4545000,103.19,15.61897805,123.9055203
58.955972,23.307289,4546000,101.637,16.15144143,123.4298313
58.955543,23.308806,4552000,100.85,16.53975381,118.738451
58.954312,23.311189,4564000,101.026,16.12263898,135.0469081
58.95361,23.311102,4569000,96.837,15.64803059,183.6571136
58.953505,23.31091,4570000,96.612,16.05287929,223.321371
58.95331,23.310087,4574000,93.224,12.98845413,245.3254404
58.95345,23.309477,4577000,94.445,12.76666929,293.9898782
58.953559,23.309103,4579000,93.735,12.32120908,299.4711916
58.953754,23.308059,4584000,91.725,12.73867955,289.9092391
58.954158,23.307599,4588000,88.18,13.02748983,329.5781609
58.954537,23.307617,4591000,92.902,14.05579789,1.403076787
58.95465,23.307691,4592000,92.898,13.26599617,18.66114722
58.955061,23.307881,4595000,86.855,15.66506249,13.40935235
58.955384,23.308713,4599000,80.734,14.93368115,53.02747099
58.955452,23.308924,4600000,81.037,14.27186202,57.99777582
58.955533,23.309394,4602000,76.704,14.21233039,71.5209477
58.955598,23.309898,4604000,72.569,14.89979015,75.95908777
58.954923,23.311504,4611000,69.163,23.76791366,129.1791779
58.95428,23.311422,4615000,67.153,17.9182473,183.762843
58.953947,23.310848,4618000,62.958,16.51918033,221.6362649
58.953552,23.310436,4621000,59.748,16.62918462,208.2771308
58.953434,23.310473,4622000,59.754,13.29520341,170.8140295
58.953299,23.310542,4623000,54.661,15.52845436,165.2328178
58.953099,23.310949,4625000,50.219,16.12399742,133.6155386
58.953032,23.311628,4627000,48.77,19.82826666,100.8309896
58.95307,23.312196,4629000,51.912,16.42783206,82.60866724
58.95345,23.312924,4633000,46.955,14.85421574,44.65511268
58.953718,23.313072,4635000,41.96,15.49701707,15.8972815
58.953871,23.313044,4636000,41.823,17.09324485,354.6083046
58.954461,23.312364,4642000,40.341,12.72347276,329.2733249
58.95452,23.312155,4643000,40.082,13.66710166,298.6957198
58.954678,23.311545,4646000,40.557,13.05187768,296.6681271
58.954738,23.31048,4651000,44.366,12.29060268,276.2348661
58.955138,23.307263,4665000,45.805,13.55836198,283.5568225
58.954983,23.304194,4678000,48.444,13.60627691,264.4080031
58.955182,23.302887,4684000,49.256,13.02821537,286.4491546
58.955209,23.302195,4687000,49.412,13.26892166,274.3269254
58.955417,23.29949,4699000,53.265,13.0728637,278.4817914
58.955812,23.297908,4707000,50.41,12.60239277,295.8352389
58.955874,23.297712,4708000,51.327,13.18889308,301.5247989
58.956008,23.297117,4711000,51.823,12.41371347,293.5916317
58.956214,23.29633,4715000,49.158,12.65585171,296.9115342
58.956269,23.296127,4716000,48.794,13.15297995,297.7167469
58.956411,23.295766,4718000,52.314,13.02121924,307.335323
58.95702,23.295733,4720000,56.149,33.88161509,358.3993833
58.957046,23.295558,4721000,56.274,10.44579924,286.0721569
58.957102,23.29519,4723000,59.755,11.0036389,286.4411513
58.957131,23.294995,4724000,59.746,11.64045904,286.087233
58.957167,23.294746,4725000,60.038,14.83259785,285.6617409
58.957187,23.294313,4727000,59.652,12.46750315,275.118515
58.957177,23.292684,4733000,62.753,15.57352587,269.3186702
58.95717,23.2924,4735000,63.258,8.153992637,267.2636384
58.957129,23.291045,4741000,61.793,12.97541155,266.6425079
58.957186,23.290335,4745000,60.629,10.30350978,278.8491674
58.957229,23.29005,4747000,62.997,8.516015375,286.3085514
58.956976,23.288391,4753000,65.916,16.53820125,253.5262276
58.956794,23.287986,4757000,69.492,7.703120239,228.9302314
58.956778,23.287926,4758000,69.499,3.874362754,242.6559931
58.957133,23.287124,4760000,70.757,30.31149296,310.6419871
58.957453,23.286099,4766000,69.434,11.45421848,301.1915062
58.957693,23.285251,4771000,72.212,11.09640989,298.7598559
58.958191,23.283149,4783000,73.554,11.05643936,294.6767615
58.958766,23.281813,4792000,77.175,11.08987244,309.8502655
58.958837,23.28168,4793000,77.2,10.97961093,315.9924927
58.959326,23.280988,4799000,79.091,11.22180125,323.8815648
58.959573,23.280662,4802000,82.463,11.07721782,325.7622145
58.959747,23.280494,4804000,83.968,10.80961983,333.5331625
58.960028,23.28023,4807000,82.678,11.57631797,334.1525763
58.960313,23.280005,4810000,84.276,11.4084554,337.8498741
58.960671,23.279644,4814000,85.279,11.2199699,332.5279817
58.961225,23.278277,4823000,85.47,11.07954367,308.167106
58.961418,23.277372,4828000,82.354,11.2331994,292.4704358
58.961476,23.276982,4830000,81.645,11.63910949,286.0892324
58.961662,23.276083,4835000,78.703,11.11064272,291.8641671
58.961894,23.27543,4839000,78.913,11.36966498,304.5692442
58.96205,23.274712,4843000,76.249,11.17077568,292.8502479
58.962073,23.274294,4845000,77.38,12.05397227,276.0915639
58.962673,23.271974,4858000,77.005,11.44978227,296.6389185
58.962997,23.271237,4863000,78.193,11.10861319,310.4528126
58.963069,23.271105,4864000,73.957,11.01976231,316.6122428
58.963146,23.270962,4865000,72.687,11.85747931,316.2431155
58.963292,23.270622,4867000,70.851,12.68736313,309.7896392
58.963357,23.270445,4868000,72.298,12.46189572,305.4608182
58.963719,23.270195,4872000,76.725,10.68503691,340.4010254
58.963936,23.27025,4874000,76.211,12.170652,7.445015056
58.964363,23.27059,4878000,77.629,12.83499391,22.31935549
58.964579,23.270731,4880000,78.722,12.67449981,18.60071846
58.965151,23.270301,4886000,79.168,11.37211783,338.8151463
58.965213,23.270132,4887000,79.367,11.89421191,305.4351526
58.965761,23.268932,4895000,80.309,11.49062802,311.5343306
58.965922,23.268687,4897000,81.348,11.38033915,321.8848178
58.965999,23.268581,4898000,82.822,10.50214098,324.6361757
58.966128,23.268311,4900000,83.999,10.55432528,312.822678
58.966203,23.267927,4902000,80.756,11.77327528,290.7492208
58.966223,23.267713,4903000,80.403,12.47118266,280.2751109
58.966252,23.267289,4905000,81.294,12.26300429,277.5573839
58.966343,23.266708,4908000,83.973,11.6063961,286.8995177
58.966366,23.266506,4909000,84.038,11.86216629,282.4543824
58.966519,23.26559,4914000,88.439,11.04257876,287.9522743
58.966853,23.264,4923000,91.902,10.9389502,292.169844
58.966892,23.263824,4924000,91.052,10.98476417,293.2594755
58.967195,23.262146,4933000,93.641,11.32766897,289.3042541
58.967524,23.261405,4938000,89.951,11.21497844,310.7368383
58.967763,23.261057,4941000,89.55,11.07965625,323.1069871
58.967896,23.259784,4948000,87.754,10.63954818,281.4572119
58.96719,23.259255,4953000,87.594,16.83611095,201.1206549
58.966614,23.260154,4958000,85.297,16.4460746,141.1785715
58.966622,23.261257,4961000,83.917,21.08456872,89.19350286
58.966854,23.261753,4964000,82.654,12.80092291,47.78254384
58.967283,23.261854,4968000,82.005,12.01655882,6.920212528
58.967709,23.261686,4972000,82.366,12.08792488,348.5081575
58.968208,23.261481,4977000,81.506,11.34659336,348.0423532
58.968533,23.261465,4980000,78.392,12.05339088,358.5462086
58.96904,23.262075,4985000,71.22,13.27154086,31.8082852
58.96909,23.262347,4986000,71.297,16.55762156,70.37404901
58.968968,23.263207,4989000,69.515,17.04769947,105.3859671
58.968168,23.264001,4994000,68.899,19.99027093,152.903471
58.967594,23.263273,4999000,70.783,15.25583459,213.178109
58.96769,23.262169,5004000,70.04,12.83942659,279.5748079
58.96789,23.261775,5007000,71.67,10.5684866,314.5574589
58.968084,23.261609,5009000,67.628,11.79197907,336.1971997
58.968194,23.261566,5010000,68.194,12.48084558,348.6064056
58.968604,23.260791,5016000,66.11,10.61220144,315.7419784
58.96851,23.260325,5018000,61.669,14.34613575,248.629957
58.968439,23.260101,5019000,61.614,15.07732549,238.4145593
58.96831,23.259612,5021000,66.162,15.74822157,242.899918
58.968307,23.259397,5022000,65.931,12.33228867,268.4496323
58.968122,23.258552,5026000,62.171,13.15988442,246.9897771
58.967663,23.258404,5029000,59.12,17.25111644,189.437694
58.967171,23.259194,5033000,61.171,17.75986018,140.3825675
58.967112,23.25942,5034000,61.234,14.52578528,116.8573603
58.967141,23.260067,5036000,59.209,18.61961382,85.03069033
58.967613,23.260902,5041000,61.754,14.21058027,42.36447404
58.968135,23.261416,5046000,59.247,13.02243496,26.91294668
58.969287,23.262448,5057000,57.998,12.83054666,24.7874069
58.970029,23.263093,5064000,58.56,12.91956297,24.13700966
58.970416,23.263602,5068000,55.167,13.00125143,34.13655516
58.971176,23.263507,5072000,48.239,21.1768129,356.3133201
58.971249,23.263629,5073000,46.981,10.71692376,40.74380087
58.971611,23.26404,5079000,42.046,7.775394318,30.33763248
58.971906,23.263764,5083000,44.749,9.10701807,334.2539009
58.97221,23.262027,5090000,46.751,15.02426428,288.7547953
58.972332,23.261774,5092000,49.985,9.931367408,313.0918813
58.972445,23.259977,5100000,51.707,12.97360964,276.9562129
58.972702,23.258322,5108000,54.208,12.38697587,286.7664726
58.972858,23.257792,5111000,56.171,11.66353878,299.7283033
58.972931,23.257638,5112000,54.513,11.99487112,312.6031589
58.973125,23.257113,5115000,56.753,12.34472487,305.6372411
58.973438,23.25653,5119000,52.462,12.0652732,316.1674648
58.973757,23.25565,5124000,55.179,12.33552365,305.118797
58.973886,23.25529,5126000,57.358,12.56801792,304.807678
58.974129,23.254292,5131000,57.908,12.65542229,295.2864158
58.974191,23.254131,5132000,61.339,11.52157883,306.7648651
58.974299,23.253812,5134000,62.253,10.94010021,303.2992164
58.974335,23.253627,5135000,61.004,11.33646936,290.6838091
58.974474,23.253075,5138000,59.049,11.73999334,296.0383001
58.974548,23.25293,5139000,59.587,11.69804163,314.7166185
58.974798,23.252129,5144000,62.18,10.73651463,301.197275
58.974939,23.251858,5146000,60.619,11.03759038,315.2701438
58.975424,23.25181,5151000,61.518,10.80297394,357.0799177
58.975635,23.251974,5153000,61.145,12.64091299,21.8308928
58.975923,23.253497,5159000,62.584,15.49976452,69.85125452
58.97576,23.253978,5161000,66.676,16.5000455,123.3248845
58.975553,23.254371,5163000,68.033,16.10638621,135.621925
58.974928,23.254498,5167000,65.659,17.4741545,174.0210979
58.974494,23.254153,5170000,70.129,17.38894318,202.28006
58.974286,23.253859,5172000,74.975,14.31176572,216.0745115
58.974211,23.2537,5173000,71.893,12.35622057,227.5363627
58.974012,23.252893,5177000,68.549,12.82162846,244.4327316
58.974123,23.252086,5181000,71.717,11.97085903,284.9420929
58.97448,23.251722,5185000,72.843,11.21428521,332.2769366
58.974779,23.251563,5188000,75.902,11.49439811,344.6725716
58.97531,23.251485,5193000,81.469,11.84603394,355.6704215
58.975968,23.251799,5199000,82.477,12.56133306,13.81760859
58.97619,23.252068,5201000,84.627,14.55592898,31.98512611
58.97651,23.252551,5204000,84.879,15.03124828,37.87983811
58.976746,23.253104,5207000,89.532,13.71922508,50.3735485
58.976804,23.253341,5208000,87.256,15.03972018,64.59965204
58.977445,23.254209,5214000,85.412,14.49031297,34.91058568
58.978624,23.25466,5225000,85.378,12.15088701,11.15219707
58.978775,23.25442,5227000,85.825,10.85512549,320.6788549
58.979147,23.253825,5232000,84.374,10.72417157,320.5019263
58.979858,23.254249,5236000,85.554,20.68303616,17.08317848
58.980239,23.253966,5240000,80.434,11.34393214,339.0541362
58.980551,23.253805,5243000,77.833,11.96954757,345.1083758
58.980645,23.253778,5244000,77.987,10.56918419,351.5802367
58.981141,23.253814,5249000,74.647,11.04135959,2.141993818
58.981566,23.2541,5253000,80.078,12.50819666,19.12529982
58.981925,23.254155,5257000,77.247,10.01361718,4.513966098
58.982114,23.254095,5259000,76.684,10.65059622,350.7093301
58.982584,23.254167,5264000,73.32,10.48779345,4.513532271
58.982785,23.254214,5266000,69.938,11.25909137,6.870561131
58.982879,23.254223,5267000,69.839,10.46798492,2.824493173
58.983053,23.254215,5269000,68.487,9.679399559,358.6428271
58.983309,23.254188,5272000,63.739,9.505313508,356.8892205
58.983572,23.254103,5275000,61.719,9.885128271,350.54493
58.983747,23.254075,5277000,60.7,9.765317564,355.2869092
58.983908,23.253986,5279000,57.617,9.309865512,344.1007413
58.984042,23.253782,5281000,55.129,9.47147475,321.8875787
58.984206,23.253405,5284000,50.336,9.425656129,310.1723634
58.984367,23.253016,5287000,47.027,9.531894289,308.7725682
58.984704,23.252325,5293000,42.343,9.08804328,313.4256989
58.984763,23.252201,5294000,42.047,9.673053032,312.7200011
58.984881,23.251922,5296000,35.838,10.34324062,309.3798971
58.98501,23.25166,5298000,34.721,10.38428661,313.6983761
58.985149,23.251177,5302000,30.281,7.926474131,299.1845196
58.985171,23.251045,5303000,27.158,7.950887305,287.924441
58.985211,23.25092,5304000,23.56,8.432915982,301.8422433
58.985272,23.250808,5305000,19.535,9.339911569,316.5880711
58.985346,23.250711,5306000,16.395,9.932200346,325.9647315
58.985624,23.250376,5310000,9.975,9.09909557,328.1639538
58.985682,23.250302,5311000,9.692,7.720254139,326.6794576
58.985785,23.250145,5313000,6.901,7.283603912,321.8545665
58.98586,23.250044,5316000,4.819,3.384477919,325.2444144
58.985838,23.250048,5336000,5.22,0.1228845917,174.6480482
58.985853,23.250085,5373000,5.594,0.07292201595,51.8038451
58.985845,23.250092,5404000,5.558,0.03148584339,155.7320719
58.985834,23.250118,5429000,6.309,0.07711965551,129.3897538
58.985955,23.250037,5455000,5.463,0.5475557736,340.9697576
58.986118,23.249863,5481000,5.546,0.795818042,331.1884791
58.986212,23.249723,5503000,5.767,0.5990433606,322.4979238
58.986213,23.249716,5546000,5.667,0.009681273583,285.4966204
58.986198,23.249712,5569000,4.63,0.07322036784,187.8233714
58.986198,23.249721,5597000,5.298,0.01842066036,89.99999616